<annotation>
  <folder>input</folder>
  <filename>image (1294).png</filename>
  <path>C:\Users\Admin\OpenLabeling-master-main\main\input\image (1294).png</path>
  <source>
    <database>Unknown</database>
  </source>
  <size>
    <width>2476</width>
    <height>3480</height>
    <depth>3</depth>
  </size>
  <segmented>0</segmented>
  <object>
    <name>signature</name>
    <pose>Unspecified</pose>
    <truncated>0</truncated>
    <difficult>0</difficult>
    <bndbox>
      <xmin>1935</xmin>
      <ymin>2437</ymin>
      <xmax>2227</xmax>
      <ymax>2751</ymax>
    </bndbox>
  </object>
  <object>
    <name>stamp</name>
    <pose>Unspecified</pose>
    <truncated>0</truncated>
    <difficult>0</difficult>
    <bndbox>
      <xmin>796</xmin>
      <ymin>2398</ymin>
      <xmax>1323</xmax>
      <ymax>3054</ymax>
    </bndbox>
  </object>
</annotation>