<annotation>
  <folder>input</folder>
  <filename>image (1316).png</filename>
  <path>C:\Users\Admin\OpenLabeling-master-main\main\input\image (1316).png</path>
  <source>
    <database>Unknown</database>
  </source>
  <size>
    <width>2468</width>
    <height>3480</height>
    <depth>3</depth>
  </size>
  <segmented>0</segmented>
  <object>
    <name>signature</name>
    <pose>Unspecified</pose>
    <truncated>0</truncated>
    <difficult>0</difficult>
    <bndbox>
      <xmin>1946</xmin>
      <ymin>2387</ymin>
      <xmax>2377</xmax>
      <ymax>2684</ymax>
    </bndbox>
  </object>
  <object>
    <name>stamp</name>
    <pose>Unspecified</pose>
    <truncated>0</truncated>
    <difficult>0</difficult>
    <bndbox>
      <xmin>1174</xmin>
      <ymin>2235</ymin>
      <xmax>1469</xmax>
      <ymax>2852</ymax>
    </bndbox>
  </object>
</annotation>