<annotation>
  <folder>input</folder>
  <filename>image (1011).png</filename>
  <path>C:\Users\Admin\OpenLabeling-master-main\main\input\image (1011).png</path>
  <source>
    <database>Unknown</database>
  </source>
  <size>
    <width>2472</width>
    <height>3480</height>
    <depth>3</depth>
  </size>
  <segmented>0</segmented>
  <object>
    <name>signature</name>
    <pose>Unspecified</pose>
    <truncated>0</truncated>
    <difficult>0</difficult>
    <bndbox>
      <xmin>1884</xmin>
      <ymin>2387</ymin>
      <xmax>2109</xmax>
      <ymax>2645</ymax>
    </bndbox>
  </object>
  <object>
    <name>stamp</name>
    <pose>Unspecified</pose>
    <truncated>0</truncated>
    <difficult>0</difficult>
    <bndbox>
      <xmin>799</xmin>
      <ymin>2510</ymin>
      <xmax>1377</xmax>
      <ymax>2942</ymax>
    </bndbox>
  </object>
</annotation>