<annotation>
  <folder>input</folder>
  <filename>image (140).png</filename>
  <path>C:\Users\Admin\OpenLabeling-master-main\main\input\image (140).png</path>
  <source>
    <database>Unknown</database>
  </source>
  <size>
    <width>2468</width>
    <height>3476</height>
    <depth>3</depth>
  </size>
  <segmented>0</segmented>
  <object>
    <name>signature</name>
    <pose>Unspecified</pose>
    <truncated>0</truncated>
    <difficult>0</difficult>
    <bndbox>
      <xmin>1597</xmin>
      <ymin>2244</ymin>
      <xmax>1963</xmax>
      <ymax>2401</ymax>
    </bndbox>
  </object>
  <object>
    <name>signature</name>
    <pose>Unspecified</pose>
    <truncated>0</truncated>
    <difficult>0</difficult>
    <bndbox>
      <xmin>1601</xmin>
      <ymin>2233</ymin>
      <xmax>1957</xmax>
      <ymax>2390</ymax>
    </bndbox>
  </object>
  <object>
    <name>stamp</name>
    <pose>Unspecified</pose>
    <truncated>0</truncated>
    <difficult>0</difficult>
    <bndbox>
      <xmin>1651</xmin>
      <ymin>2446</ymin>
      <xmax>2066</xmax>
      <ymax>2871</ymax>
    </bndbox>
  </object>
</annotation>