<annotation>
  <folder>input</folder>
  <filename>image (1422).png</filename>
  <path>C:\Users\Admin\OpenLabeling-master-main\main\input\image (1422).png</path>
  <source>
    <database>Unknown</database>
  </source>
  <size>
    <width>2476</width>
    <height>3476</height>
    <depth>3</depth>
  </size>
  <segmented>0</segmented>
  <object>
    <name>signature</name>
    <pose>Unspecified</pose>
    <truncated>0</truncated>
    <difficult>0</difficult>
    <bndbox>
      <xmin>1499</xmin>
      <ymin>2787</ymin>
      <xmax>1953</xmax>
      <ymax>3162</ymax>
    </bndbox>
  </object>
  <object>
    <name>stamp</name>
    <pose>Unspecified</pose>
    <truncated>0</truncated>
    <difficult>0</difficult>
    <bndbox>
      <xmin>898</xmin>
      <ymin>2860</ymin>
      <xmax>1257</xmax>
      <ymax>3302</ymax>
    </bndbox>
  </object>
</annotation>