<annotation>
  <folder>input</folder>
  <filename>image (1191).png</filename>
  <path>C:\Users\Admin\OpenLabeling-master-main\main\input\image (1191).png</path>
  <source>
    <database>Unknown</database>
  </source>
  <size>
    <width>2472</width>
    <height>3484</height>
    <depth>3</depth>
  </size>
  <segmented>0</segmented>
  <object>
    <name>signature</name>
    <pose>Unspecified</pose>
    <truncated>0</truncated>
    <difficult>0</difficult>
    <bndbox>
      <xmin>1161</xmin>
      <ymin>2507</ymin>
      <xmax>1580</xmax>
      <ymax>2861</ymax>
    </bndbox>
  </object>
  <object>
    <name>stamp</name>
    <pose>Unspecified</pose>
    <truncated>0</truncated>
    <difficult>0</difficult>
    <bndbox>
      <xmin>656</xmin>
      <ymin>2642</ymin>
      <xmax>878</xmax>
      <ymax>3091</ymax>
    </bndbox>
  </object>
</annotation>