<annotation>
  <folder>input</folder>
  <filename>image (1411).png</filename>
  <path>C:\Users\Admin\OpenLabeling-master-main\main\input\image (1411).png</path>
  <source>
    <database>Unknown</database>
  </source>
  <size>
    <width>2488</width>
    <height>3484</height>
    <depth>3</depth>
  </size>
  <segmented>0</segmented>
  <object>
    <name>signature</name>
    <pose>Unspecified</pose>
    <truncated>0</truncated>
    <difficult>0</difficult>
    <bndbox>
      <xmin>1962</xmin>
      <ymin>2861</ymin>
      <xmax>2270</xmax>
      <ymax>3186</ymax>
    </bndbox>
  </object>
  <object>
    <name>stamp</name>
    <pose>Unspecified</pose>
    <truncated>0</truncated>
    <difficult>0</difficult>
    <bndbox>
      <xmin>1282</xmin>
      <ymin>2810</ymin>
      <xmax>1643</xmax>
      <ymax>3326</ymax>
    </bndbox>
  </object>
</annotation>