<annotation>
  <folder>input</folder>
  <filename>image (142).png</filename>
  <path>C:\Users\Admin\OpenLabeling-master-main\main\input\image (142).png</path>
  <source>
    <database>Unknown</database>
  </source>
  <size>
    <width>2468</width>
    <height>3480</height>
    <depth>3</depth>
  </size>
  <segmented>0</segmented>
  <object>
    <name>signature</name>
    <pose>Unspecified</pose>
    <truncated>0</truncated>
    <difficult>0</difficult>
    <bndbox>
      <xmin>1619</xmin>
      <ymin>2460</ymin>
      <xmax>2088</xmax>
      <ymax>2701</ymax>
    </bndbox>
  </object>
  <object>
    <name>stamp</name>
    <pose>Unspecified</pose>
    <truncated>0</truncated>
    <difficult>0</difficult>
    <bndbox>
      <xmin>1650</xmin>
      <ymin>2717</ymin>
      <xmax>2035</xmax>
      <ymax>3138</ymax>
    </bndbox>
  </object>
</annotation>