<annotation>
  <folder>input</folder>
  <filename>image (1048).png</filename>
  <path>C:\Users\Admin\OpenLabeling-master-main\main\input\image (1048).png</path>
  <source>
    <database>Unknown</database>
  </source>
  <size>
    <width>2472</width>
    <height>3476</height>
    <depth>3</depth>
  </size>
  <segmented>0</segmented>
  <object>
    <name>signature</name>
    <pose>Unspecified</pose>
    <truncated>0</truncated>
    <difficult>0</difficult>
    <bndbox>
      <xmin>1748</xmin>
      <ymin>2300</ymin>
      <xmax>2105</xmax>
      <ymax>2558</ymax>
    </bndbox>
  </object>
  <object>
    <name>stamp</name>
    <pose>Unspecified</pose>
    <truncated>0</truncated>
    <difficult>0</difficult>
    <bndbox>
      <xmin>815</xmin>
      <ymin>2272</ymin>
      <xmax>1379</xmax>
      <ymax>2916</ymax>
    </bndbox>
  </object>
</annotation>