<annotation>
  <folder>input</folder>
  <filename>image (1390).png</filename>
  <path>C:\Users\Admin\OpenLabeling-master-main\main\input\image (1390).png</path>
  <source>
    <database>Unknown</database>
  </source>
  <size>
    <width>2472</width>
    <height>3484</height>
    <depth>3</depth>
  </size>
  <segmented>0</segmented>
  <object>
    <name>signature</name>
    <pose>Unspecified</pose>
    <truncated>0</truncated>
    <difficult>0</difficult>
    <bndbox>
      <xmin>1786</xmin>
      <ymin>2737</ymin>
      <xmax>2053</xmax>
      <ymax>2990</ymax>
    </bndbox>
  </object>
  <object>
    <name>stamp</name>
    <pose>Unspecified</pose>
    <truncated>0</truncated>
    <difficult>0</difficult>
    <bndbox>
      <xmin>1796</xmin>
      <ymin>3091</ymin>
      <xmax>2089</xmax>
      <ymax>3472</ymax>
    </bndbox>
  </object>
</annotation>