<annotation>
  <folder>input</folder>
  <filename>image (1207).png</filename>
  <path>C:\Users\Admin\OpenLabeling-master-main\main\input\image (1207).png</path>
  <source>
    <database>Unknown</database>
  </source>
  <size>
    <width>2484</width>
    <height>3488</height>
    <depth>3</depth>
  </size>
  <segmented>0</segmented>
  <object>
    <name>signature</name>
    <pose>Unspecified</pose>
    <truncated>0</truncated>
    <difficult>0</difficult>
    <bndbox>
      <xmin>267</xmin>
      <ymin>2409</ymin>
      <xmax>546</xmax>
      <ymax>2623</ymax>
    </bndbox>
  </object>
  <object>
    <name>stamp</name>
    <pose>Unspecified</pose>
    <truncated>0</truncated>
    <difficult>0</difficult>
    <bndbox>
      <xmin>1761</xmin>
      <ymin>977</ymin>
      <xmax>2076</xmax>
      <ymax>1421</ymax>
    </bndbox>
  </object>
</annotation>