<annotation>
  <folder>input</folder>
  <filename>image (1024).png</filename>
  <path>C:\Users\Admin\OpenLabeling-master-main\main\input\image (1024).png</path>
  <source>
    <database>Unknown</database>
  </source>
  <size>
    <width>2476</width>
    <height>3476</height>
    <depth>3</depth>
  </size>
  <segmented>0</segmented>
  <object>
    <name>signature</name>
    <pose>Unspecified</pose>
    <truncated>0</truncated>
    <difficult>0</difficult>
    <bndbox>
      <xmin>1886</xmin>
      <ymin>2261</ymin>
      <xmax>2169</xmax>
      <ymax>2546</ymax>
    </bndbox>
  </object>
  <object>
    <name>stamp</name>
    <pose>Unspecified</pose>
    <truncated>0</truncated>
    <difficult>0</difficult>
    <bndbox>
      <xmin>911</xmin>
      <ymin>2418</ymin>
      <xmax>1434</xmax>
      <ymax>3151</ymax>
    </bndbox>
  </object>
</annotation>