<annotation>
  <folder>input</folder>
  <filename>image (1033).png</filename>
  <path>C:\Users\Admin\OpenLabeling-master-main\main\input\image (1033).png</path>
  <source>
    <database>Unknown</database>
  </source>
  <size>
    <width>2472</width>
    <height>3472</height>
    <depth>3</depth>
  </size>
  <segmented>0</segmented>
  <object>
    <name>signature</name>
    <pose>Unspecified</pose>
    <truncated>0</truncated>
    <difficult>0</difficult>
    <bndbox>
      <xmin>1632</xmin>
      <ymin>2219</ymin>
      <xmax>2151</xmax>
      <ymax>2610</ymax>
    </bndbox>
  </object>
  <object>
    <name>stamp</name>
    <pose>Unspecified</pose>
    <truncated>0</truncated>
    <difficult>0</difficult>
    <bndbox>
      <xmin>652</xmin>
      <ymin>2320</ymin>
      <xmax>1210</xmax>
      <ymax>3007</ymax>
    </bndbox>
  </object>
</annotation>