<annotation>
  <folder>input</folder>
  <filename>image (1145).png</filename>
  <path>C:\Users\Admin\OpenLabeling-master-main\main\input\image (1145).png</path>
  <source>
    <database>Unknown</database>
  </source>
  <size>
    <width>2472</width>
    <height>3480</height>
    <depth>3</depth>
  </size>
  <segmented>0</segmented>
  <object>
    <name>signature</name>
    <pose>Unspecified</pose>
    <truncated>0</truncated>
    <difficult>0</difficult>
    <bndbox>
      <xmin>1790</xmin>
      <ymin>2348</ymin>
      <xmax>2125</xmax>
      <ymax>2560</ymax>
    </bndbox>
  </object>
  <object>
    <name>stamp</name>
    <pose>Unspecified</pose>
    <truncated>0</truncated>
    <difficult>0</difficult>
    <bndbox>
      <xmin>1226</xmin>
      <ymin>2348</ymin>
      <xmax>1560</xmax>
      <ymax>2869</ymax>
    </bndbox>
  </object>
</annotation>