<annotation>
  <folder>input</folder>
  <filename>image (1367).png</filename>
  <path>C:\Users\Admin\OpenLabeling-master-main\main\input\image (1367).png</path>
  <source>
    <database>Unknown</database>
  </source>
  <size>
    <width>2472</width>
    <height>3476</height>
    <depth>3</depth>
  </size>
  <segmented>0</segmented>
  <object>
    <name>signature</name>
    <pose>Unspecified</pose>
    <truncated>0</truncated>
    <difficult>0</difficult>
    <bndbox>
      <xmin>208</xmin>
      <ymin>2076</ymin>
      <xmax>438</xmax>
      <ymax>2289</ymax>
    </bndbox>
  </object>
  <object>
    <name>stamp</name>
    <pose>Unspecified</pose>
    <truncated>0</truncated>
    <difficult>0</difficult>
    <bndbox>
      <xmin>193</xmin>
      <ymin>2446</ymin>
      <xmax>869</xmax>
      <ymax>3128</ymax>
    </bndbox>
  </object>
</annotation>