<annotation>
  <folder>input</folder>
  <filename>image (1432).png</filename>
  <path>C:\Users\Admin\OpenLabeling-master-main\main\input\image (1432).png</path>
  <source>
    <database>Unknown</database>
  </source>
  <size>
    <width>2472</width>
    <height>3484</height>
    <depth>3</depth>
  </size>
  <segmented>0</segmented>
  <object>
    <name>signature</name>
    <pose>Unspecified</pose>
    <truncated>0</truncated>
    <difficult>0</difficult>
    <bndbox>
      <xmin>913</xmin>
      <ymin>2698</ymin>
      <xmax>1348</xmax>
      <ymax>2979</ymax>
    </bndbox>
  </object>
  <object>
    <name>stamp</name>
    <pose>Unspecified</pose>
    <truncated>0</truncated>
    <difficult>0</difficult>
    <bndbox>
      <xmin>1310</xmin>
      <ymin>2816</ymin>
      <xmax>1593</xmax>
      <ymax>3152</ymax>
    </bndbox>
  </object>
</annotation>