<annotation>
  <folder>input</folder>
  <filename>image (1280).png</filename>
  <path>C:\Users\Admin\OpenLabeling-master-main\main\input\image (1280).png</path>
  <source>
    <database>Unknown</database>
  </source>
  <size>
    <width>2472</width>
    <height>3480</height>
    <depth>3</depth>
  </size>
  <segmented>0</segmented>
  <object>
    <name>signature</name>
    <pose>Unspecified</pose>
    <truncated>0</truncated>
    <difficult>0</difficult>
    <bndbox>
      <xmin>335</xmin>
      <ymin>2331</ymin>
      <xmax>525</xmax>
      <ymax>2572</ymax>
    </bndbox>
  </object>
  <object>
    <name>stamp</name>
    <pose>Unspecified</pose>
    <truncated>0</truncated>
    <difficult>0</difficult>
    <bndbox>
      <xmin>1370</xmin>
      <ymin>2785</ymin>
      <xmax>1689</xmax>
      <ymax>3233</ymax>
    </bndbox>
  </object>
</annotation>