<annotation>
  <folder>input</folder>
  <filename>image (1182).png</filename>
  <path>C:\Users\Admin\OpenLabeling-master-main\main\input\image (1182).png</path>
  <source>
    <database>Unknown</database>
  </source>
  <size>
    <width>2472</width>
    <height>3484</height>
    <depth>3</depth>
  </size>
  <segmented>0</segmented>
  <object>
    <name>signature</name>
    <pose>Unspecified</pose>
    <truncated>0</truncated>
    <difficult>0</difficult>
    <bndbox>
      <xmin>1467</xmin>
      <ymin>2406</ymin>
      <xmax>1786</xmax>
      <ymax>2653</ymax>
    </bndbox>
  </object>
  <object>
    <name>stamp</name>
    <pose>Unspecified</pose>
    <truncated>0</truncated>
    <difficult>0</difficult>
    <bndbox>
      <xmin>846</xmin>
      <ymin>2614</ymin>
      <xmax>1161</xmax>
      <ymax>3130</ymax>
    </bndbox>
  </object>
</annotation>