<annotation>
  <folder>input</folder>
  <filename>image (1348).png</filename>
  <path>C:\Users\Admin\OpenLabeling-master-main\main\input\image (1348).png</path>
  <source>
    <database>Unknown</database>
  </source>
  <size>
    <width>2476</width>
    <height>3480</height>
    <depth>3</depth>
  </size>
  <segmented>0</segmented>
  <object>
    <name>signature</name>
    <pose>Unspecified</pose>
    <truncated>0</truncated>
    <difficult>0</difficult>
    <bndbox>
      <xmin>368</xmin>
      <ymin>2213</ymin>
      <xmax>608</xmax>
      <ymax>2482</ymax>
    </bndbox>
  </object>
  <object>
    <name>stamp</name>
    <pose>Unspecified</pose>
    <truncated>0</truncated>
    <difficult>0</difficult>
    <bndbox>
      <xmin>1080</xmin>
      <ymin>2062</ymin>
      <xmax>1731</xmax>
      <ymax>2936</ymax>
    </bndbox>
  </object>
</annotation>