<annotation>
  <folder>input</folder>
  <filename>image (1277).png</filename>
  <path>C:\Users\Admin\OpenLabeling-master-main\main\input\image (1277).png</path>
  <source>
    <database>Unknown</database>
  </source>
  <size>
    <width>2476</width>
    <height>3472</height>
    <depth>3</depth>
  </size>
  <segmented>0</segmented>
  <object>
    <name>signature</name>
    <pose>Unspecified</pose>
    <truncated>0</truncated>
    <difficult>0</difficult>
    <bndbox>
      <xmin>270</xmin>
      <ymin>2292</ymin>
      <xmax>528</xmax>
      <ymax>2487</ymax>
    </bndbox>
  </object>
  <object>
    <name>stamp</name>
    <pose>Unspecified</pose>
    <truncated>0</truncated>
    <difficult>0</difficult>
    <bndbox>
      <xmin>1156</xmin>
      <ymin>2465</ymin>
      <xmax>1499</xmax>
      <ymax>2957</ymax>
    </bndbox>
  </object>
</annotation>