<annotation>
  <folder>input</folder>
  <filename>image (1419).png</filename>
  <path>C:\Users\Admin\OpenLabeling-master-main\main\input\image (1419).png</path>
  <source>
    <database>Unknown</database>
  </source>
  <size>
    <width>2472</width>
    <height>3476</height>
    <depth>3</depth>
  </size>
  <segmented>0</segmented>
  <object>
    <name>signature</name>
    <pose>Unspecified</pose>
    <truncated>0</truncated>
    <difficult>0</difficult>
    <bndbox>
      <xmin>1643</xmin>
      <ymin>2804</ymin>
      <xmax>1982</xmax>
      <ymax>3117</ymax>
    </bndbox>
  </object>
  <object>
    <name>stamp</name>
    <pose>Unspecified</pose>
    <truncated>0</truncated>
    <difficult>0</difficult>
    <bndbox>
      <xmin>931</xmin>
      <ymin>2793</ymin>
      <xmax>1268</xmax>
      <ymax>3224</ymax>
    </bndbox>
  </object>
</annotation>