<annotation>
  <folder>input</folder>
  <filename>image (1172).png</filename>
  <path>C:\Users\Admin\OpenLabeling-master-main\main\input\image (1172).png</path>
  <source>
    <database>Unknown</database>
  </source>
  <size>
    <width>2476</width>
    <height>3476</height>
    <depth>3</depth>
  </size>
  <segmented>0</segmented>
  <object>
    <name>signature</name>
    <pose>Unspecified</pose>
    <truncated>0</truncated>
    <difficult>0</difficult>
    <bndbox>
      <xmin>1528</xmin>
      <ymin>2462</ymin>
      <xmax>1900</xmax>
      <ymax>2720</ymax>
    </bndbox>
  </object>
  <object>
    <name>stamp</name>
    <pose>Unspecified</pose>
    <truncated>0</truncated>
    <difficult>0</difficult>
    <bndbox>
      <xmin>923</xmin>
      <ymin>2513</ymin>
      <xmax>1219</xmax>
      <ymax>3005</ymax>
    </bndbox>
  </object>
</annotation>