<annotation>
  <folder>input</folder>
  <filename>image (1043).png</filename>
  <path>C:\Users\Admin\OpenLabeling-master-main\main\input\image (1043).png</path>
  <source>
    <database>Unknown</database>
  </source>
  <size>
    <width>2476</width>
    <height>3480</height>
    <depth>3</depth>
  </size>
  <segmented>0</segmented>
  <object>
    <name>signature</name>
    <pose>Unspecified</pose>
    <truncated>0</truncated>
    <difficult>0</difficult>
    <bndbox>
      <xmin>1653</xmin>
      <ymin>2376</ymin>
      <xmax>1864</xmax>
      <ymax>2549</ymax>
    </bndbox>
  </object>
  <object>
    <name>stamp</name>
    <pose>Unspecified</pose>
    <truncated>0</truncated>
    <difficult>0</difficult>
    <bndbox>
      <xmin>707</xmin>
      <ymin>2684</ymin>
      <xmax>1267</xmax>
      <ymax>3216</ymax>
    </bndbox>
  </object>
</annotation>