<annotation>
  <folder>input</folder>
  <filename>image (1200).png</filename>
  <path>C:\Users\Admin\OpenLabeling-master-main\main\input\image (1200).png</path>
  <source>
    <database>Unknown</database>
  </source>
  <size>
    <width>2468</width>
    <height>3480</height>
    <depth>3</depth>
  </size>
  <segmented>0</segmented>
  <object>
    <name>signature</name>
    <pose>Unspecified</pose>
    <truncated>0</truncated>
    <difficult>0</difficult>
    <bndbox>
      <xmin>351</xmin>
      <ymin>2516</ymin>
      <xmax>877</xmax>
      <ymax>2745</ymax>
    </bndbox>
  </object>
  <object>
    <name>stamp</name>
    <pose>Unspecified</pose>
    <truncated>0</truncated>
    <difficult>0</difficult>
    <bndbox>
      <xmin>816</xmin>
      <ymin>2768</ymin>
      <xmax>1129</xmax>
      <ymax>3199</ymax>
    </bndbox>
  </object>
</annotation>