<annotation>
  <folder>input</folder>
  <filename>image (1003).png</filename>
  <path>C:\Users\Admin\OpenLabeling-master-main\main\input\image (1003).png</path>
  <source>
    <database>Unknown</database>
  </source>
  <size>
    <width>2468</width>
    <height>3480</height>
    <depth>3</depth>
  </size>
  <segmented>0</segmented>
  <object>
    <name>signature</name>
    <pose>Unspecified</pose>
    <truncated>0</truncated>
    <difficult>0</difficult>
    <bndbox>
      <xmin>1682</xmin>
      <ymin>2544</ymin>
      <xmax>1905</xmax>
      <ymax>2773</ymax>
    </bndbox>
  </object>
  <object>
    <name>stamp</name>
    <pose>Unspecified</pose>
    <truncated>0</truncated>
    <difficult>0</difficult>
    <bndbox>
      <xmin>1087</xmin>
      <ymin>2516</ymin>
      <xmax>1583</xmax>
      <ymax>3182</ymax>
    </bndbox>
  </object>
</annotation>