<annotation>
  <folder>input</folder>
  <filename>image (1013).png</filename>
  <path>C:\Users\Admin\OpenLabeling-master-main\main\input\image (1013).png</path>
  <source>
    <database>Unknown</database>
  </source>
  <size>
    <width>2472</width>
    <height>3480</height>
    <depth>3</depth>
  </size>
  <segmented>0</segmented>
  <object>
    <name>signature</name>
    <pose>Unspecified</pose>
    <truncated>0</truncated>
    <difficult>0</difficult>
    <bndbox>
      <xmin>1844</xmin>
      <ymin>2460</ymin>
      <xmax>2067</xmax>
      <ymax>2729</ymax>
    </bndbox>
  </object>
  <object>
    <name>stamp</name>
    <pose>Unspecified</pose>
    <truncated>0</truncated>
    <difficult>0</difficult>
    <bndbox>
      <xmin>666</xmin>
      <ymin>2633</ymin>
      <xmax>1225</xmax>
      <ymax>3188</ymax>
    </bndbox>
  </object>
</annotation>