<annotation>
  <folder>input</folder>
  <filename>image (1038).png</filename>
  <path>C:\Users\Admin\OpenLabeling-master-main\main\input\image (1038).png</path>
  <source>
    <database>Unknown</database>
  </source>
  <size>
    <width>2476</width>
    <height>3476</height>
    <depth>3</depth>
  </size>
  <segmented>0</segmented>
  <object>
    <name>signature</name>
    <pose>Unspecified</pose>
    <truncated>0</truncated>
    <difficult>0</difficult>
    <bndbox>
      <xmin>1664</xmin>
      <ymin>2546</ymin>
      <xmax>2049</xmax>
      <ymax>2843</ymax>
    </bndbox>
  </object>
  <object>
    <name>stamp</name>
    <pose>Unspecified</pose>
    <truncated>0</truncated>
    <difficult>0</difficult>
    <bndbox>
      <xmin>1434</xmin>
      <ymin>2994</ymin>
      <xmax>2002</xmax>
      <ymax>3403</ymax>
    </bndbox>
  </object>
</annotation>