<annotation>
  <folder>input</folder>
  <filename>image (1377).png</filename>
  <path>C:\Users\Admin\OpenLabeling-master-main\main\input\image (1377).png</path>
  <source>
    <database>Unknown</database>
  </source>
  <size>
    <width>2480</width>
    <height>3480</height>
    <depth>3</depth>
  </size>
  <segmented>0</segmented>
  <object>
    <name>signature</name>
    <pose>Unspecified</pose>
    <truncated>0</truncated>
    <difficult>0</difficult>
    <bndbox>
      <xmin>1712</xmin>
      <ymin>2650</ymin>
      <xmax>2014</xmax>
      <ymax>2902</ymax>
    </bndbox>
  </object>
  <object>
    <name>stamp</name>
    <pose>Unspecified</pose>
    <truncated>0</truncated>
    <difficult>0</difficult>
    <bndbox>
      <xmin>963</xmin>
      <ymin>2689</ymin>
      <xmax>1269</xmax>
      <ymax>3082</ymax>
    </bndbox>
  </object>
</annotation>