<annotation>
  <folder>input</folder>
  <filename>image (116).png</filename>
  <path>C:\Users\Admin\OpenLabeling-master-main\main\input\image (116).png</path>
  <source>
    <database>Unknown</database>
  </source>
  <size>
    <width>2480</width>
    <height>3484</height>
    <depth>3</depth>
  </size>
  <segmented>0</segmented>
  <object>
    <name>signature</name>
    <pose>Unspecified</pose>
    <truncated>0</truncated>
    <difficult>0</difficult>
    <bndbox>
      <xmin>276</xmin>
      <ymin>2541</ymin>
      <xmax>487</xmax>
      <ymax>2765</ymax>
    </bndbox>
  </object>
  <object>
    <name>stamp</name>
    <pose>Unspecified</pose>
    <truncated>0</truncated>
    <difficult>0</difficult>
    <bndbox>
      <xmin>1861</xmin>
      <ymin>2496</ymin>
      <xmax>2165</xmax>
      <ymax>2967</ymax>
    </bndbox>
  </object>
</annotation>