<annotation>
  <folder>input</folder>
  <filename>image (1035).png</filename>
  <path>C:\Users\Admin\OpenLabeling-master-main\main\input\image (1035).png</path>
  <source>
    <database>Unknown</database>
  </source>
  <size>
    <width>2476</width>
    <height>3476</height>
    <depth>3</depth>
  </size>
  <segmented>0</segmented>
  <object>
    <name>signature</name>
    <pose>Unspecified</pose>
    <truncated>0</truncated>
    <difficult>0</difficult>
    <bndbox>
      <xmin>1579</xmin>
      <ymin>2412</ymin>
      <xmax>1880</xmax>
      <ymax>2664</ymax>
    </bndbox>
  </object>
  <object>
    <name>stamp</name>
    <pose>Unspecified</pose>
    <truncated>0</truncated>
    <difficult>0</difficult>
    <bndbox>
      <xmin>1526</xmin>
      <ymin>2871</ymin>
      <xmax>2112</xmax>
      <ymax>3341</ymax>
    </bndbox>
  </object>
</annotation>