<annotation>
  <folder>input</folder>
  <filename>image (1301).png</filename>
  <path>C:\Users\Admin\OpenLabeling-master-main\main\input\image (1301).png</path>
  <source>
    <database>Unknown</database>
  </source>
  <size>
    <width>2468</width>
    <height>3484</height>
    <depth>3</depth>
  </size>
  <segmented>0</segmented>
  <object>
    <name>signature</name>
    <pose>Unspecified</pose>
    <truncated>0</truncated>
    <difficult>0</difficult>
    <bndbox>
      <xmin>1898</xmin>
      <ymin>2204</ymin>
      <xmax>2138</xmax>
      <ymax>2446</ymax>
    </bndbox>
  </object>
  <object>
    <name>stamp</name>
    <pose>Unspecified</pose>
    <truncated>0</truncated>
    <difficult>0</difficult>
    <bndbox>
      <xmin>749</xmin>
      <ymin>2210</ymin>
      <xmax>1101</xmax>
      <ymax>2749</ymax>
    </bndbox>
  </object>
</annotation>