<annotation>
  <folder>input</folder>
  <filename>image (1223).png</filename>
  <path>C:\Users\Admin\OpenLabeling-master-main\main\input\image (1223).png</path>
  <source>
    <database>Unknown</database>
  </source>
  <size>
    <width>2468</width>
    <height>3480</height>
    <depth>3</depth>
  </size>
  <segmented>0</segmented>
  <object>
    <name>signature</name>
    <pose>Unspecified</pose>
    <truncated>0</truncated>
    <difficult>0</difficult>
    <bndbox>
      <xmin>1610</xmin>
      <ymin>2269</ymin>
      <xmax>1901</xmax>
      <ymax>2476</ymax>
    </bndbox>
  </object>
  <object>
    <name>stamp</name>
    <pose>Unspecified</pose>
    <truncated>0</truncated>
    <difficult>0</difficult>
    <bndbox>
      <xmin>930</xmin>
      <ymin>2331</ymin>
      <xmax>1347</xmax>
      <ymax>2897</ymax>
    </bndbox>
  </object>
</annotation>