<annotation>
  <folder>input</folder>
  <filename>image (1326).png</filename>
  <path>C:\Users\Admin\OpenLabeling-master-main\main\input\image (1326).png</path>
  <source>
    <database>Unknown</database>
  </source>
  <size>
    <width>2484</width>
    <height>3480</height>
    <depth>3</depth>
  </size>
  <segmented>0</segmented>
  <object>
    <name>signature</name>
    <pose>Unspecified</pose>
    <truncated>0</truncated>
    <difficult>0</difficult>
    <bndbox>
      <xmin>1957</xmin>
      <ymin>2420</ymin>
      <xmax>2249</xmax>
      <ymax>2661</ymax>
    </bndbox>
  </object>
  <object>
    <name>stamp</name>
    <pose>Unspecified</pose>
    <truncated>0</truncated>
    <difficult>0</difficult>
    <bndbox>
      <xmin>1289</xmin>
      <ymin>2796</ymin>
      <xmax>1604</xmax>
      <ymax>3412</ymax>
    </bndbox>
  </object>
</annotation>