<annotation>
  <folder>input</folder>
  <filename>image (1186).png</filename>
  <path>C:\Users\Admin\OpenLabeling-master-main\main\input\image (1186).png</path>
  <source>
    <database>Unknown</database>
  </source>
  <size>
    <width>2476</width>
    <height>3484</height>
    <depth>3</depth>
  </size>
  <segmented>0</segmented>
  <object>
    <name>signature</name>
    <pose>Unspecified</pose>
    <truncated>0</truncated>
    <difficult>0</difficult>
    <bndbox>
      <xmin>245</xmin>
      <ymin>2210</ymin>
      <xmax>680</xmax>
      <ymax>2468</ymax>
    </bndbox>
  </object>
  <object>
    <name>stamp</name>
    <pose>Unspecified</pose>
    <truncated>0</truncated>
    <difficult>0</difficult>
    <bndbox>
      <xmin>898</xmin>
      <ymin>2255</ymin>
      <xmax>1139</xmax>
      <ymax>2743</ymax>
    </bndbox>
  </object>
</annotation>