<annotation>
  <folder>input</folder>
  <filename>image (1090).png</filename>
  <path>C:\Users\Admin\OpenLabeling-master-main\main\input\image (1090).png</path>
  <source>
    <database>Unknown</database>
  </source>
  <size>
    <width>2476</width>
    <height>3480</height>
    <depth>3</depth>
  </size>
  <segmented>0</segmented>
  <object>
    <name>signature</name>
    <pose>Unspecified</pose>
    <truncated>0</truncated>
    <difficult>0</difficult>
    <bndbox>
      <xmin>1807</xmin>
      <ymin>2398</ymin>
      <xmax>2074</xmax>
      <ymax>2611</ymax>
    </bndbox>
  </object>
  <object>
    <name>stamp</name>
    <pose>Unspecified</pose>
    <truncated>0</truncated>
    <difficult>0</difficult>
    <bndbox>
      <xmin>1290</xmin>
      <ymin>2331</ymin>
      <xmax>1570</xmax>
      <ymax>2706</ymax>
    </bndbox>
  </object>
</annotation>