<annotation>
  <folder>input</folder>
  <filename>image (1010).png</filename>
  <path>C:\Users\Admin\OpenLabeling-master-main\main\input\image (1010).png</path>
  <source>
    <database>Unknown</database>
  </source>
  <size>
    <width>2476</width>
    <height>3476</height>
    <depth>3</depth>
  </size>
  <segmented>0</segmented>
  <object>
    <name>signature</name>
    <pose>Unspecified</pose>
    <truncated>0</truncated>
    <difficult>0</difficult>
    <bndbox>
      <xmin>1922</xmin>
      <ymin>2535</ymin>
      <xmax>2218</xmax>
      <ymax>2748</ymax>
    </bndbox>
  </object>
  <object>
    <name>stamp</name>
    <pose>Unspecified</pose>
    <truncated>0</truncated>
    <difficult>0</difficult>
    <bndbox>
      <xmin>1535</xmin>
      <ymin>2865</ymin>
      <xmax>2094</xmax>
      <ymax>3392</ymax>
    </bndbox>
  </object>
</annotation>