<annotation>
  <folder>input</folder>
  <filename>image (104).png</filename>
  <path>C:\Users\Admin\OpenLabeling-master-main\main\input\image (104).png</path>
  <source>
    <database>Unknown</database>
  </source>
  <size>
    <width>2476</width>
    <height>3484</height>
    <depth>3</depth>
  </size>
  <segmented>0</segmented>
  <object>
    <name>signature</name>
    <pose>Unspecified</pose>
    <truncated>0</truncated>
    <difficult>0</difficult>
    <bndbox>
      <xmin>241</xmin>
      <ymin>2737</ymin>
      <xmax>457</xmax>
      <ymax>2934</ymax>
    </bndbox>
  </object>
  <object>
    <name>stamp</name>
    <pose>Unspecified</pose>
    <truncated>0</truncated>
    <difficult>0</difficult>
    <bndbox>
      <xmin>771</xmin>
      <ymin>2676</ymin>
      <xmax>1045</xmax>
      <ymax>3147</ymax>
    </bndbox>
  </object>
</annotation>