<annotation>
  <folder>input</folder>
  <filename>image (1117).png</filename>
  <path>C:\Users\Admin\OpenLabeling-master-main\main\input\image (1117).png</path>
  <source>
    <database>Unknown</database>
  </source>
  <size>
    <width>2480</width>
    <height>3476</height>
    <depth>3</depth>
  </size>
  <segmented>0</segmented>
  <object>
    <name>signature</name>
    <pose>Unspecified</pose>
    <truncated>0</truncated>
    <difficult>0</difficult>
    <bndbox>
      <xmin>1583</xmin>
      <ymin>2468</ymin>
      <xmax>1865</xmax>
      <ymax>2759</ymax>
    </bndbox>
  </object>
  <object>
    <name>stamp</name>
    <pose>Unspecified</pose>
    <truncated>0</truncated>
    <difficult>0</difficult>
    <bndbox>
      <xmin>1543</xmin>
      <ymin>2115</ymin>
      <xmax>1796</xmax>
      <ymax>2440</ymax>
    </bndbox>
  </object>
</annotation>