<annotation>
  <folder>input</folder>
  <filename>image (1447).png</filename>
  <path>C:\Users\Admin\OpenLabeling-master-main\main\input\image (1447).png</path>
  <source>
    <database>Unknown</database>
  </source>
  <size>
    <width>2472</width>
    <height>3476</height>
    <depth>3</depth>
  </size>
  <segmented>0</segmented>
  <object>
    <name>signature</name>
    <pose>Unspecified</pose>
    <truncated>0</truncated>
    <difficult>0</difficult>
    <bndbox>
      <xmin>1719</xmin>
      <ymin>2222</ymin>
      <xmax>2067</xmax>
      <ymax>2502</ymax>
    </bndbox>
  </object>
  <object>
    <name>stamp</name>
    <pose>Unspecified</pose>
    <truncated>0</truncated>
    <difficult>0</difficult>
    <bndbox>
      <xmin>2051</xmin>
      <ymin>2440</ymin>
      <xmax>2332</xmax>
      <ymax>2949</ymax>
    </bndbox>
  </object>
</annotation>