<annotation>
  <folder>input</folder>
  <filename>image (1325).png</filename>
  <path>C:\Users\Admin\OpenLabeling-master-main\main\input\image (1325).png</path>
  <source>
    <database>Unknown</database>
  </source>
  <size>
    <width>2476</width>
    <height>3480</height>
    <depth>3</depth>
  </size>
  <segmented>0</segmented>
  <object>
    <name>signature</name>
    <pose>Unspecified</pose>
    <truncated>0</truncated>
    <difficult>0</difficult>
    <bndbox>
      <xmin>1924</xmin>
      <ymin>2527</ymin>
      <xmax>2185</xmax>
      <ymax>2729</ymax>
    </bndbox>
  </object>
  <object>
    <name>stamp</name>
    <pose>Unspecified</pose>
    <truncated>0</truncated>
    <difficult>0</difficult>
    <bndbox>
      <xmin>608</xmin>
      <ymin>2768</ymin>
      <xmax>896</xmax>
      <ymax>3384</ymax>
    </bndbox>
  </object>
</annotation>