<annotation>
  <folder>input</folder>
  <filename>image (1129).png</filename>
  <path>C:\Users\Admin\OpenLabeling-master-main\main\input\image (1129).png</path>
  <source>
    <database>Unknown</database>
  </source>
  <size>
    <width>2468</width>
    <height>3480</height>
    <depth>3</depth>
  </size>
  <segmented>0</segmented>
  <object>
    <name>signature</name>
    <pose>Unspecified</pose>
    <truncated>0</truncated>
    <difficult>0</difficult>
    <bndbox>
      <xmin>1617</xmin>
      <ymin>2364</ymin>
      <xmax>2060</xmax>
      <ymax>2689</ymax>
    </bndbox>
  </object>
  <object>
    <name>stamp</name>
    <pose>Unspecified</pose>
    <truncated>0</truncated>
    <difficult>0</difficult>
    <bndbox>
      <xmin>1793</xmin>
      <ymin>2729</ymin>
      <xmax>2151</xmax>
      <ymax>3222</ymax>
    </bndbox>
  </object>
</annotation>