<annotation>
  <folder>input</folder>
  <filename>image (107).png</filename>
  <path>C:\Users\Admin\OpenLabeling-master-main\main\input\image (107).png</path>
  <source>
    <database>Unknown</database>
  </source>
  <size>
    <width>2468</width>
    <height>3480</height>
    <depth>3</depth>
  </size>
  <segmented>0</segmented>
  <object>
    <name>signature</name>
    <pose>Unspecified</pose>
    <truncated>0</truncated>
    <difficult>0</difficult>
    <bndbox>
      <xmin>316</xmin>
      <ymin>2364</ymin>
      <xmax>882</xmax>
      <ymax>2605</ymax>
    </bndbox>
  </object>
  <object>
    <name>stamp</name>
    <pose>Unspecified</pose>
    <truncated>0</truncated>
    <difficult>0</difficult>
    <bndbox>
      <xmin>902</xmin>
      <ymin>2443</ymin>
      <xmax>1170</xmax>
      <ymax>2891</ymax>
    </bndbox>
  </object>
</annotation>