<annotation>
  <folder>input</folder>
  <filename>image (1414).png</filename>
  <path>C:\Users\Admin\OpenLabeling-master-main\main\input\image (1414).png</path>
  <source>
    <database>Unknown</database>
  </source>
  <size>
    <width>2468</width>
    <height>3480</height>
    <depth>3</depth>
  </size>
  <segmented>0</segmented>
  <object>
    <name>signature</name>
    <pose>Unspecified</pose>
    <truncated>0</truncated>
    <difficult>0</difficult>
    <bndbox>
      <xmin>1234</xmin>
      <ymin>3054</ymin>
      <xmax>1489</xmax>
      <ymax>3289</ymax>
    </bndbox>
  </object>
  <object>
    <name>stamp</name>
    <pose>Unspecified</pose>
    <truncated>0</truncated>
    <difficult>0</difficult>
    <bndbox>
      <xmin>296</xmin>
      <ymin>2925</ymin>
      <xmax>669</xmax>
      <ymax>3328</ymax>
    </bndbox>
  </object>
</annotation>