<annotation>
  <folder>input</folder>
  <filename>image (105).png</filename>
  <path>C:\Users\Admin\OpenLabeling-master-main\main\input\image (105).png</path>
  <source>
    <database>Unknown</database>
  </source>
  <size>
    <width>2472</width>
    <height>3476</height>
    <depth>3</depth>
  </size>
  <segmented>0</segmented>
  <object>
    <name>signature</name>
    <pose>Unspecified</pose>
    <truncated>0</truncated>
    <difficult>0</difficult>
    <bndbox>
      <xmin>297</xmin>
      <ymin>2373</ymin>
      <xmax>663</xmax>
      <ymax>2597</ymax>
    </bndbox>
  </object>
  <object>
    <name>stamp</name>
    <pose>Unspecified</pose>
    <truncated>0</truncated>
    <difficult>0</difficult>
    <bndbox>
      <xmin>724</xmin>
      <ymin>2474</ymin>
      <xmax>1016</xmax>
      <ymax>2972</ymax>
    </bndbox>
  </object>
</annotation>