<annotation>
  <folder>input</folder>
  <filename>image (1140).png</filename>
  <path>C:\Users\Admin\OpenLabeling-master-main\main\input\image (1140).png</path>
  <source>
    <database>Unknown</database>
  </source>
  <size>
    <width>2476</width>
    <height>3480</height>
    <depth>3</depth>
  </size>
  <segmented>0</segmented>
  <object>
    <name>signature</name>
    <pose>Unspecified</pose>
    <truncated>0</truncated>
    <difficult>0</difficult>
    <bndbox>
      <xmin>1844</xmin>
      <ymin>2258</ymin>
      <xmax>2120</xmax>
      <ymax>2510</ymax>
    </bndbox>
  </object>
  <object>
    <name>stamp</name>
    <pose>Unspecified</pose>
    <truncated>0</truncated>
    <difficult>0</difficult>
    <bndbox>
      <xmin>1281</xmin>
      <ymin>2420</ymin>
      <xmax>1622</xmax>
      <ymax>2869</ymax>
    </bndbox>
  </object>
</annotation>