<annotation>
  <folder>input</folder>
  <filename>image (1249).png</filename>
  <path>C:\Users\Admin\OpenLabeling-master-main\main\input\image (1249).png</path>
  <source>
    <database>Unknown</database>
  </source>
  <size>
    <width>2476</width>
    <height>3484</height>
    <depth>3</depth>
  </size>
  <segmented>0</segmented>
  <object>
    <name>signature</name>
    <pose>Unspecified</pose>
    <truncated>0</truncated>
    <difficult>0</difficult>
    <bndbox>
      <xmin>286</xmin>
      <ymin>2081</ymin>
      <xmax>591</xmax>
      <ymax>2277</ymax>
    </bndbox>
  </object>
  <object>
    <name>stamp</name>
    <pose>Unspecified</pose>
    <truncated>0</truncated>
    <difficult>0</difficult>
    <bndbox>
      <xmin>522</xmin>
      <ymin>426</ymin>
      <xmax>838</xmax>
      <ymax>746</ymax>
    </bndbox>
  </object>
</annotation>