<annotation>
  <folder>input</folder>
  <filename>image (1053).png</filename>
  <path>C:\Users\Admin\OpenLabeling-master-main\main\input\image (1053).png</path>
  <source>
    <database>Unknown</database>
  </source>
  <size>
    <width>2476</width>
    <height>3472</height>
    <depth>3</depth>
  </size>
  <segmented>0</segmented>
  <object>
    <name>signature</name>
    <pose>Unspecified</pose>
    <truncated>0</truncated>
    <difficult>0</difficult>
    <bndbox>
      <xmin>1657</xmin>
      <ymin>2543</ymin>
      <xmax>2009</xmax>
      <ymax>2795</ymax>
    </bndbox>
  </object>
  <object>
    <name>stamp</name>
    <pose>Unspecified</pose>
    <truncated>0</truncated>
    <difficult>0</difficult>
    <bndbox>
      <xmin>756</xmin>
      <ymin>2454</ymin>
      <xmax>1296</xmax>
      <ymax>2912</ymax>
    </bndbox>
  </object>
</annotation>