<annotation>
  <folder>input</folder>
  <filename>image (1445).png</filename>
  <path>C:\Users\Admin\OpenLabeling-master-main\main\input\image (1445).png</path>
  <source>
    <database>Unknown</database>
  </source>
  <size>
    <width>2476</width>
    <height>3484</height>
    <depth>3</depth>
  </size>
  <segmented>0</segmented>
  <object>
    <name>signature</name>
    <pose>Unspecified</pose>
    <truncated>0</truncated>
    <difficult>0</difficult>
    <bndbox>
      <xmin>1757</xmin>
      <ymin>2289</ymin>
      <xmax>2031</xmax>
      <ymax>2547</ymax>
    </bndbox>
  </object>
  <object>
    <name>stamp</name>
    <pose>Unspecified</pose>
    <truncated>0</truncated>
    <difficult>0</difficult>
    <bndbox>
      <xmin>1207</xmin>
      <ymin>2507</ymin>
      <xmax>1559</xmax>
      <ymax>3007</ymax>
    </bndbox>
  </object>
</annotation>