<annotation>
  <folder>input</folder>
  <filename>image (1275).png</filename>
  <path>C:\Users\Admin\OpenLabeling-master-main\main\input\image (1275).png</path>
  <source>
    <database>Unknown</database>
  </source>
  <size>
    <width>2476</width>
    <height>3476</height>
    <depth>3</depth>
  </size>
  <segmented>0</segmented>
  <object>
    <name>signature</name>
    <pose>Unspecified</pose>
    <truncated>0</truncated>
    <difficult>0</difficult>
    <bndbox>
      <xmin>254</xmin>
      <ymin>2294</ymin>
      <xmax>711</xmax>
      <ymax>2518</ymax>
    </bndbox>
  </object>
  <object>
    <name>stamp</name>
    <pose>Unspecified</pose>
    <truncated>0</truncated>
    <difficult>0</difficult>
    <bndbox>
      <xmin>1254</xmin>
      <ymin>2781</ymin>
      <xmax>1591</xmax>
      <ymax>3162</ymax>
    </bndbox>
  </object>
</annotation>