<annotation>
  <folder>input</folder>
  <filename>image (1364).png</filename>
  <path>C:\Users\Admin\OpenLabeling-master-main\main\input\image (1364).png</path>
  <source>
    <database>Unknown</database>
  </source>
  <size>
    <width>2472</width>
    <height>3476</height>
    <depth>3</depth>
  </size>
  <segmented>0</segmented>
  <object>
    <name>signature</name>
    <pose>Unspecified</pose>
    <truncated>0</truncated>
    <difficult>0</difficult>
    <bndbox>
      <xmin>371</xmin>
      <ymin>2558</ymin>
      <xmax>659</xmax>
      <ymax>2787</ymax>
    </bndbox>
  </object>
  <object>
    <name>stamp</name>
    <pose>Unspecified</pose>
    <truncated>0</truncated>
    <difficult>0</difficult>
    <bndbox>
      <xmin>1748</xmin>
      <ymin>2384</ymin>
      <xmax>2211</xmax>
      <ymax>3173</ymax>
    </bndbox>
  </object>
</annotation>