<annotation>
  <folder>input</folder>
  <filename>image (1237).png</filename>
  <path>C:\Users\Admin\OpenLabeling-master-main\main\input\image (1237).png</path>
  <source>
    <database>Unknown</database>
  </source>
  <size>
    <width>2476</width>
    <height>3484</height>
    <depth>3</depth>
  </size>
  <segmented>0</segmented>
  <object>
    <name>signature</name>
    <pose>Unspecified</pose>
    <truncated>0</truncated>
    <difficult>0</difficult>
    <bndbox>
      <xmin>1599</xmin>
      <ymin>2260</ymin>
      <xmax>2056</xmax>
      <ymax>2462</ymax>
    </bndbox>
  </object>
  <object>
    <name>stamp</name>
    <pose>Unspecified</pose>
    <truncated>0</truncated>
    <difficult>0</difficult>
    <bndbox>
      <xmin>1559</xmin>
      <ymin>2451</ymin>
      <xmax>1944</xmax>
      <ymax>2799</ymax>
    </bndbox>
  </object>
</annotation>