<annotation>
  <folder>input</folder>
  <filename>image (1276).png</filename>
  <path>C:\Users\Admin\OpenLabeling-master-main\main\input\image (1276).png</path>
  <source>
    <database>Unknown</database>
  </source>
  <size>
    <width>2480</width>
    <height>3480</height>
    <depth>3</depth>
  </size>
  <segmented>0</segmented>
  <object>
    <name>signature</name>
    <pose>Unspecified</pose>
    <truncated>0</truncated>
    <difficult>0</difficult>
    <bndbox>
      <xmin>225</xmin>
      <ymin>2376</ymin>
      <xmax>483</xmax>
      <ymax>2583</ymax>
    </bndbox>
  </object>
  <object>
    <name>stamp</name>
    <pose>Unspecified</pose>
    <truncated>0</truncated>
    <difficult>0</difficult>
    <bndbox>
      <xmin>1692</xmin>
      <ymin>2432</ymin>
      <xmax>2030</xmax>
      <ymax>2740</ymax>
    </bndbox>
  </object>
</annotation>