<annotation>
  <folder>input</folder>
  <filename>image (1401).png</filename>
  <path>C:\Users\Admin\OpenLabeling-master-main\main\input\image (1401).png</path>
  <source>
    <database>Unknown</database>
  </source>
  <size>
    <width>2472</width>
    <height>3484</height>
    <depth>3</depth>
  </size>
  <segmented>0</segmented>
  <object>
    <name>signature</name>
    <pose>Unspecified</pose>
    <truncated>0</truncated>
    <difficult>0</difficult>
    <bndbox>
      <xmin>1658</xmin>
      <ymin>2692</ymin>
      <xmax>2111</xmax>
      <ymax>2990</ymax>
    </bndbox>
  </object>
  <object>
    <name>stamp</name>
    <pose>Unspecified</pose>
    <truncated>0</truncated>
    <difficult>0</difficult>
    <bndbox>
      <xmin>946</xmin>
      <ymin>2743</ymin>
      <xmax>1303</xmax>
      <ymax>3282</ymax>
    </bndbox>
  </object>
</annotation>