<annotation>
  <folder>input</folder>
  <filename>image (120).png</filename>
  <path>C:\Users\Admin\OpenLabeling-master-main\main\input\image (120).png</path>
  <source>
    <database>Unknown</database>
  </source>
  <size>
    <width>2480</width>
    <height>3480</height>
    <depth>3</depth>
  </size>
  <segmented>0</segmented>
  <object>
    <name>signature</name>
    <pose>Unspecified</pose>
    <truncated>0</truncated>
    <difficult>0</difficult>
    <bndbox>
      <xmin>274</xmin>
      <ymin>2437</ymin>
      <xmax>501</xmax>
      <ymax>2673</ymax>
    </bndbox>
  </object>
  <object>
    <name>stamp</name>
    <pose>Unspecified</pose>
    <truncated>0</truncated>
    <difficult>0</difficult>
    <bndbox>
      <xmin>1741</xmin>
      <ymin>1064</ymin>
      <xmax>2110</xmax>
      <ymax>1485</ymax>
    </bndbox>
  </object>
</annotation>