<annotation>
  <folder>input</folder>
  <filename>image (1433).png</filename>
  <path>C:\Users\Admin\OpenLabeling-master-main\main\input\image (1433).png</path>
  <source>
    <database>Unknown</database>
  </source>
  <size>
    <width>2472</width>
    <height>3476</height>
    <depth>3</depth>
  </size>
  <segmented>0</segmented>
  <object>
    <name>signature</name>
    <pose>Unspecified</pose>
    <truncated>0</truncated>
    <difficult>0</difficult>
    <bndbox>
      <xmin>1540</xmin>
      <ymin>2916</ymin>
      <xmax>1911</xmax>
      <ymax>3280</ymax>
    </bndbox>
  </object>
  <object>
    <name>stamp</name>
    <pose>Unspecified</pose>
    <truncated>0</truncated>
    <difficult>0</difficult>
    <bndbox>
      <xmin>1114</xmin>
      <ymin>2972</ymin>
      <xmax>1386</xmax>
      <ymax>3369</ymax>
    </bndbox>
  </object>
</annotation>