<annotation>
  <folder>input</folder>
  <filename>image (1437).png</filename>
  <path>C:\Users\Admin\OpenLabeling-master-main\main\input\image (1437).png</path>
  <source>
    <database>Unknown</database>
  </source>
  <size>
    <width>2488</width>
    <height>3476</height>
    <depth>3</depth>
  </size>
  <segmented>0</segmented>
  <object>
    <name>signature</name>
    <pose>Unspecified</pose>
    <truncated>0</truncated>
    <difficult>0</difficult>
    <bndbox>
      <xmin>1825</xmin>
      <ymin>2524</ymin>
      <xmax>2177</xmax>
      <ymax>2871</ymax>
    </bndbox>
  </object>
  <object>
    <name>stamp</name>
    <pose>Unspecified</pose>
    <truncated>0</truncated>
    <difficult>0</difficult>
    <bndbox>
      <xmin>415</xmin>
      <ymin>2647</ymin>
      <xmax>729</xmax>
      <ymax>3106</ymax>
    </bndbox>
  </object>
</annotation>