<annotation>
  <folder>input</folder>
  <filename>image (1389).png</filename>
  <path>C:\Users\Admin\OpenLabeling-master-main\main\input\image (1389).png</path>
  <source>
    <database>Unknown</database>
  </source>
  <size>
    <width>2468</width>
    <height>3480</height>
    <depth>3</depth>
  </size>
  <segmented>0</segmented>
  <object>
    <name>signature</name>
    <pose>Unspecified</pose>
    <truncated>0</truncated>
    <difficult>0</difficult>
    <bndbox>
      <xmin>1583</xmin>
      <ymin>2717</ymin>
      <xmax>1955</xmax>
      <ymax>3003</ymax>
    </bndbox>
  </object>
  <object>
    <name>stamp</name>
    <pose>Unspecified</pose>
    <truncated>0</truncated>
    <difficult>0</difficult>
    <bndbox>
      <xmin>452</xmin>
      <ymin>2717</ymin>
      <xmax>743</xmax>
      <ymax>3177</ymax>
    </bndbox>
  </object>
</annotation>