<annotation>
  <folder>input</folder>
  <filename>image (1328).png</filename>
  <path>C:\Users\Admin\OpenLabeling-master-main\main\input\image (1328).png</path>
  <source>
    <database>Unknown</database>
  </source>
  <size>
    <width>2468</width>
    <height>3480</height>
    <depth>3</depth>
  </size>
  <segmented>0</segmented>
  <object>
    <name>signature</name>
    <pose>Unspecified</pose>
    <truncated>0</truncated>
    <difficult>0</difficult>
    <bndbox>
      <xmin>1966</xmin>
      <ymin>2605</ymin>
      <xmax>2274</xmax>
      <ymax>2829</ymax>
    </bndbox>
  </object>
  <object>
    <name>stamp</name>
    <pose>Unspecified</pose>
    <truncated>0</truncated>
    <difficult>0</difficult>
    <bndbox>
      <xmin>399</xmin>
      <ymin>2734</ymin>
      <xmax>691</xmax>
      <ymax>3216</ymax>
    </bndbox>
  </object>
</annotation>