<annotation>
  <folder>input</folder>
  <filename>image (1139).png</filename>
  <path>C:\Users\Admin\OpenLabeling-master-main\main\input\image (1139).png</path>
  <source>
    <database>Unknown</database>
  </source>
  <size>
    <width>2476</width>
    <height>3484</height>
    <depth>3</depth>
  </size>
  <segmented>0</segmented>
  <object>
    <name>signature</name>
    <pose>Unspecified</pose>
    <truncated>0</truncated>
    <difficult>0</difficult>
    <bndbox>
      <xmin>1748</xmin>
      <ymin>2434</ymin>
      <xmax>2229</xmax>
      <ymax>2726</ymax>
    </bndbox>
  </object>
  <object>
    <name>stamp</name>
    <pose>Unspecified</pose>
    <truncated>0</truncated>
    <difficult>0</difficult>
    <bndbox>
      <xmin>905</xmin>
      <ymin>2468</ymin>
      <xmax>1285</xmax>
      <ymax>3085</ymax>
    </bndbox>
  </object>
</annotation>