<annotation>
  <folder>input</folder>
  <filename>image (115).png</filename>
  <path>C:\Users\Admin\OpenLabeling-master-main\main\input\image (115).png</path>
  <source>
    <database>Unknown</database>
  </source>
  <size>
    <width>2468</width>
    <height>3480</height>
    <depth>3</depth>
  </size>
  <segmented>0</segmented>
  <object>
    <name>signature</name>
    <pose>Unspecified</pose>
    <truncated>0</truncated>
    <difficult>0</difficult>
    <bndbox>
      <xmin>351</xmin>
      <ymin>2415</ymin>
      <xmax>879</xmax>
      <ymax>2712</ymax>
    </bndbox>
  </object>
  <object>
    <name>stamp</name>
    <pose>Unspecified</pose>
    <truncated>0</truncated>
    <difficult>0</difficult>
    <bndbox>
      <xmin>1883</xmin>
      <ymin>2381</ymin>
      <xmax>2212</xmax>
      <ymax>2835</ymax>
    </bndbox>
  </object>
</annotation>