<annotation>
  <folder>input</folder>
  <filename>image (1094).png</filename>
  <path>C:\Users\Admin\OpenLabeling-master-main\main\input\image (1094).png</path>
  <source>
    <database>Unknown</database>
  </source>
  <size>
    <width>2476</width>
    <height>3484</height>
    <depth>3</depth>
  </size>
  <segmented>0</segmented>
  <object>
    <name>signature</name>
    <pose>Unspecified</pose>
    <truncated>0</truncated>
    <difficult>0</difficult>
    <bndbox>
      <xmin>746</xmin>
      <ymin>2238</ymin>
      <xmax>992</xmax>
      <ymax>2451</ymax>
    </bndbox>
  </object>
  <object>
    <name>stamp</name>
    <pose>Unspecified</pose>
    <truncated>0</truncated>
    <difficult>0</difficult>
    <bndbox>
      <xmin>1332</xmin>
      <ymin>2289</ymin>
      <xmax>1633</xmax>
      <ymax>2732</ymax>
    </bndbox>
  </object>
</annotation>