<annotation>
  <folder>input</folder>
  <filename>image (1087).png</filename>
  <path>C:\Users\Admin\OpenLabeling-master-main\main\input\image (1087).png</path>
  <source>
    <database>Unknown</database>
  </source>
  <size>
    <width>2488</width>
    <height>3504</height>
    <depth>3</depth>
  </size>
  <segmented>0</segmented>
  <object>
    <name>signature</name>
    <pose>Unspecified</pose>
    <truncated>0</truncated>
    <difficult>0</difficult>
    <bndbox>
      <xmin>1189</xmin>
      <ymin>1957</ymin>
      <xmax>1661</xmax>
      <ymax>2302</ymax>
    </bndbox>
  </object>
  <object>
    <name>stamp</name>
    <pose>Unspecified</pose>
    <truncated>0</truncated>
    <difficult>0</difficult>
    <bndbox>
      <xmin>1340</xmin>
      <ymin>2319</ymin>
      <xmax>1636</xmax>
      <ymax>2781</ymax>
    </bndbox>
  </object>
</annotation>