<annotation>
  <folder>input</folder>
  <filename>image (1309).png</filename>
  <path>C:\Users\Admin\OpenLabeling-master-main\main\input\image (1309).png</path>
  <source>
    <database>Unknown</database>
  </source>
  <size>
    <width>2472</width>
    <height>3484</height>
    <depth>3</depth>
  </size>
  <segmented>0</segmented>
  <object>
    <name>signature</name>
    <pose>Unspecified</pose>
    <truncated>0</truncated>
    <difficult>0</difficult>
    <bndbox>
      <xmin>1913</xmin>
      <ymin>2356</ymin>
      <xmax>2209</xmax>
      <ymax>2692</ymax>
    </bndbox>
  </object>
  <object>
    <name>stamp</name>
    <pose>Unspecified</pose>
    <truncated>0</truncated>
    <difficult>0</difficult>
    <bndbox>
      <xmin>1382</xmin>
      <ymin>2232</ymin>
      <xmax>1745</xmax>
      <ymax>2603</ymax>
    </bndbox>
  </object>
</annotation>