<annotation>
  <folder>input</folder>
  <filename>image (100).png</filename>
  <path>C:\Users\Admin\OpenLabeling-master-main\main\input\image (100).png</path>
  <source>
    <database>Unknown</database>
  </source>
  <size>
    <width>2468</width>
    <height>3484</height>
    <depth>3</depth>
  </size>
  <segmented>0</segmented>
  <object>
    <name>signature</name>
    <pose>Unspecified</pose>
    <truncated>0</truncated>
    <difficult>0</difficult>
    <bndbox>
      <xmin>231</xmin>
      <ymin>2367</ymin>
      <xmax>629</xmax>
      <ymax>2620</ymax>
    </bndbox>
  </object>
  <object>
    <name>stamp</name>
    <pose>Unspecified</pose>
    <truncated>0</truncated>
    <difficult>0</difficult>
    <bndbox>
      <xmin>756</xmin>
      <ymin>2446</ymin>
      <xmax>1045</xmax>
      <ymax>3018</ymax>
    </bndbox>
  </object>
</annotation>