<annotation>
  <folder>input</folder>
  <filename>image (1436).png</filename>
  <path>C:\Users\Admin\OpenLabeling-master-main\main\input\image (1436).png</path>
  <source>
    <database>Unknown</database>
  </source>
  <size>
    <width>2468</width>
    <height>3480</height>
    <depth>3</depth>
  </size>
  <segmented>0</segmented>
  <object>
    <name>signature</name>
    <pose>Unspecified</pose>
    <truncated>0</truncated>
    <difficult>0</difficult>
    <bndbox>
      <xmin>812</xmin>
      <ymin>2785</ymin>
      <xmax>1351</xmax>
      <ymax>3082</ymax>
    </bndbox>
  </object>
  <object>
    <name>stamp</name>
    <pose>Unspecified</pose>
    <truncated>0</truncated>
    <difficult>0</difficult>
    <bndbox>
      <xmin>1623</xmin>
      <ymin>2790</ymin>
      <xmax>1928</xmax>
      <ymax>3222</ymax>
    </bndbox>
  </object>
</annotation>