<annotation>
  <folder>input</folder>
  <filename>image (1442).png</filename>
  <path>C:\Users\Admin\OpenLabeling-master-main\main\input\image (1442).png</path>
  <source>
    <database>Unknown</database>
  </source>
  <size>
    <width>2472</width>
    <height>3484</height>
    <depth>3</depth>
  </size>
  <segmented>0</segmented>
  <object>
    <name>signature</name>
    <pose>Unspecified</pose>
    <truncated>0</truncated>
    <difficult>0</difficult>
    <bndbox>
      <xmin>1904</xmin>
      <ymin>2232</ymin>
      <xmax>2366</xmax>
      <ymax>2535</ymax>
    </bndbox>
  </object>
  <object>
    <name>stamp</name>
    <pose>Unspecified</pose>
    <truncated>0</truncated>
    <difficult>0</difficult>
    <bndbox>
      <xmin>1350</xmin>
      <ymin>2653</ymin>
      <xmax>1674</xmax>
      <ymax>3164</ymax>
    </bndbox>
  </object>
</annotation>