<annotation>
  <folder>input</folder>
  <filename>image (1305).png</filename>
  <path>C:\Users\Admin\OpenLabeling-master-main\main\input\image (1305).png</path>
  <source>
    <database>Unknown</database>
  </source>
  <size>
    <width>2476</width>
    <height>3476</height>
    <depth>3</depth>
  </size>
  <segmented>0</segmented>
  <object>
    <name>signature</name>
    <pose>Unspecified</pose>
    <truncated>0</truncated>
    <difficult>0</difficult>
    <bndbox>
      <xmin>1715</xmin>
      <ymin>2155</ymin>
      <xmax>2256</xmax>
      <ymax>2496</ymax>
    </bndbox>
  </object>
  <object>
    <name>stamp</name>
    <pose>Unspecified</pose>
    <truncated>0</truncated>
    <difficult>0</difficult>
    <bndbox>
      <xmin>1025</xmin>
      <ymin>2099</ymin>
      <xmax>1308</xmax>
      <ymax>2630</ymax>
    </bndbox>
  </object>
</annotation>