<annotation>
  <folder>input</folder>
  <filename>image (1415).png</filename>
  <path>C:\Users\Admin\OpenLabeling-master-main\main\input\image (1415).png</path>
  <source>
    <database>Unknown</database>
  </source>
  <size>
    <width>2468</width>
    <height>3480</height>
    <depth>3</depth>
  </size>
  <segmented>0</segmented>
  <object>
    <name>signature</name>
    <pose>Unspecified</pose>
    <truncated>0</truncated>
    <difficult>0</difficult>
    <bndbox>
      <xmin>1110</xmin>
      <ymin>2695</ymin>
      <xmax>1463</xmax>
      <ymax>2970</ymax>
    </bndbox>
  </object>
  <object>
    <name>stamp</name>
    <pose>Unspecified</pose>
    <truncated>0</truncated>
    <difficult>0</difficult>
    <bndbox>
      <xmin>1661</xmin>
      <ymin>2583</ymin>
      <xmax>1983</xmax>
      <ymax>3065</ymax>
    </bndbox>
  </object>
</annotation>