<annotation>
  <folder>input</folder>
  <filename>image (1032).png</filename>
  <path>C:\Users\Admin\OpenLabeling-master-main\main\input\image (1032).png</path>
  <source>
    <database>Unknown</database>
  </source>
  <size>
    <width>2468</width>
    <height>3476</height>
    <depth>3</depth>
  </size>
  <segmented>0</segmented>
  <object>
    <name>signature</name>
    <pose>Unspecified</pose>
    <truncated>0</truncated>
    <difficult>0</difficult>
    <bndbox>
      <xmin>1735</xmin>
      <ymin>2457</ymin>
      <xmax>2037</xmax>
      <ymax>2765</ymax>
    </bndbox>
  </object>
  <object>
    <name>stamp</name>
    <pose>Unspecified</pose>
    <truncated>0</truncated>
    <difficult>0</difficult>
    <bndbox>
      <xmin>797</xmin>
      <ymin>2401</ymin>
      <xmax>1302</xmax>
      <ymax>3123</ymax>
    </bndbox>
  </object>
</annotation>