<annotation>
  <folder>input</folder>
  <filename>image (1180).png</filename>
  <path>C:\Users\Admin\OpenLabeling-master-main\main\input\image (1180).png</path>
  <source>
    <database>Unknown</database>
  </source>
  <size>
    <width>2472</width>
    <height>3480</height>
    <depth>3</depth>
  </size>
  <segmented>0</segmented>
  <object>
    <name>signature</name>
    <pose>Unspecified</pose>
    <truncated>0</truncated>
    <difficult>0</difficult>
    <bndbox>
      <xmin>1453</xmin>
      <ymin>2448</ymin>
      <xmax>1826</xmax>
      <ymax>2673</ymax>
    </bndbox>
  </object>
  <object>
    <name>stamp</name>
    <pose>Unspecified</pose>
    <truncated>0</truncated>
    <difficult>0</difficult>
    <bndbox>
      <xmin>936</xmin>
      <ymin>2527</ymin>
      <xmax>1223</xmax>
      <ymax>2998</ymax>
    </bndbox>
  </object>
</annotation>