<annotation>
  <folder>input</folder>
  <filename>image (1408).png</filename>
  <path>C:\Users\Admin\OpenLabeling-master-main\main\input\image (1408).png</path>
  <source>
    <database>Unknown</database>
  </source>
  <size>
    <width>2476</width>
    <height>3476</height>
    <depth>3</depth>
  </size>
  <segmented>0</segmented>
  <object>
    <name>signature</name>
    <pose>Unspecified</pose>
    <truncated>0</truncated>
    <difficult>0</difficult>
    <bndbox>
      <xmin>1720</xmin>
      <ymin>2485</ymin>
      <xmax>1971</xmax>
      <ymax>2798</ymax>
    </bndbox>
  </object>
  <object>
    <name>stamp</name>
    <pose>Unspecified</pose>
    <truncated>0</truncated>
    <difficult>0</difficult>
    <bndbox>
      <xmin>1526</xmin>
      <ymin>2899</ymin>
      <xmax>1873</xmax>
      <ymax>3375</ymax>
    </bndbox>
  </object>
</annotation>