<annotation>
  <folder>input</folder>
  <filename>image (1245).png</filename>
  <path>C:\Users\Admin\OpenLabeling-master-main\main\input\image (1245).png</path>
  <source>
    <database>Unknown</database>
  </source>
  <size>
    <width>2480</width>
    <height>3480</height>
    <depth>3</depth>
  </size>
  <segmented>0</segmented>
  <object>
    <name>signature</name>
    <pose>Unspecified</pose>
    <truncated>0</truncated>
    <difficult>0</difficult>
    <bndbox>
      <xmin>1616</xmin>
      <ymin>2532</ymin>
      <xmax>1969</xmax>
      <ymax>2729</ymax>
    </bndbox>
  </object>
  <object>
    <name>stamp</name>
    <pose>Unspecified</pose>
    <truncated>0</truncated>
    <difficult>0</difficult>
    <bndbox>
      <xmin>756</xmin>
      <ymin>2717</ymin>
      <xmax>1238</xmax>
      <ymax>3166</ymax>
    </bndbox>
  </object>
</annotation>