<annotation>
  <folder>input</folder>
  <filename>image (1019).png</filename>
  <path>C:\Users\Admin\OpenLabeling-master-main\main\input\image (1019).png</path>
  <source>
    <database>Unknown</database>
  </source>
  <size>
    <width>2476</width>
    <height>3480</height>
    <depth>3</depth>
  </size>
  <segmented>0</segmented>
  <object>
    <name>signature</name>
    <pose>Unspecified</pose>
    <truncated>0</truncated>
    <difficult>0</difficult>
    <bndbox>
      <xmin>1891</xmin>
      <ymin>2308</ymin>
      <xmax>2145</xmax>
      <ymax>2549</ymax>
    </bndbox>
  </object>
  <object>
    <name>stamp</name>
    <pose>Unspecified</pose>
    <truncated>0</truncated>
    <difficult>0</difficult>
    <bndbox>
      <xmin>865</xmin>
      <ymin>2376</ymin>
      <xmax>1435</xmax>
      <ymax>2953</ymax>
    </bndbox>
  </object>
</annotation>