<annotation>
  <folder>input</folder>
  <filename>image (1410).png</filename>
  <path>C:\Users\Admin\OpenLabeling-master-main\main\input\image (1410).png</path>
  <source>
    <database>Unknown</database>
  </source>
  <size>
    <width>2476</width>
    <height>3484</height>
    <depth>3</depth>
  </size>
  <segmented>0</segmented>
  <object>
    <name>signature</name>
    <pose>Unspecified</pose>
    <truncated>0</truncated>
    <difficult>0</difficult>
    <bndbox>
      <xmin>1562</xmin>
      <ymin>2591</ymin>
      <xmax>1991</xmax>
      <ymax>2951</ymax>
    </bndbox>
  </object>
  <object>
    <name>stamp</name>
    <pose>Unspecified</pose>
    <truncated>0</truncated>
    <difficult>0</difficult>
    <bndbox>
      <xmin>960</xmin>
      <ymin>2586</ymin>
      <xmax>1339</xmax>
      <ymax>2979</ymax>
    </bndbox>
  </object>
</annotation>