<annotation>
  <folder>input</folder>
  <filename>image (1092).png</filename>
  <path>C:\Users\Admin\OpenLabeling-master-main\main\input\image (1092).png</path>
  <source>
    <database>Unknown</database>
  </source>
  <size>
    <width>2476</width>
    <height>3488</height>
    <depth>3</depth>
  </size>
  <segmented>0</segmented>
  <object>
    <name>signature</name>
    <pose>Unspecified</pose>
    <truncated>0</truncated>
    <difficult>0</difficult>
    <bndbox>
      <xmin>894</xmin>
      <ymin>2336</ymin>
      <xmax>1374</xmax>
      <ymax>2667</ymax>
    </bndbox>
  </object>
  <object>
    <name>stamp</name>
    <pose>Unspecified</pose>
    <truncated>0</truncated>
    <difficult>0</difficult>
    <bndbox>
      <xmin>1513</xmin>
      <ymin>2269</ymin>
      <xmax>1800</xmax>
      <ymax>2617</ymax>
    </bndbox>
  </object>
</annotation>