<annotation>
  <folder>input</folder>
  <filename>image (1083).png</filename>
  <path>C:\Users\Admin\OpenLabeling-master-main\main\input\image (1083).png</path>
  <source>
    <database>Unknown</database>
  </source>
  <size>
    <width>2488</width>
    <height>3504</height>
    <depth>3</depth>
  </size>
  <segmented>0</segmented>
  <object>
    <name>signature</name>
    <pose>Unspecified</pose>
    <truncated>0</truncated>
    <difficult>0</difficult>
    <bndbox>
      <xmin>1499</xmin>
      <ymin>2319</ymin>
      <xmax>1944</xmax>
      <ymax>2747</ymax>
    </bndbox>
  </object>
  <object>
    <name>stamp</name>
    <pose>Unspecified</pose>
    <truncated>0</truncated>
    <difficult>0</difficult>
    <bndbox>
      <xmin>403</xmin>
      <ymin>2352</ymin>
      <xmax>736</xmax>
      <ymax>2832</ymax>
    </bndbox>
  </object>
</annotation>