<annotation>
  <folder>input</folder>
  <filename>image (1170).png</filename>
  <path>C:\Users\Admin\OpenLabeling-master-main\main\input\image (1170).png</path>
  <source>
    <database>Unknown</database>
  </source>
  <size>
    <width>2468</width>
    <height>3480</height>
    <depth>3</depth>
  </size>
  <segmented>0</segmented>
  <object>
    <name>signature</name>
    <pose>Unspecified</pose>
    <truncated>0</truncated>
    <difficult>0</difficult>
    <bndbox>
      <xmin>1423</xmin>
      <ymin>2443</ymin>
      <xmax>1912</xmax>
      <ymax>2717</ymax>
    </bndbox>
  </object>
  <object>
    <name>stamp</name>
    <pose>Unspecified</pose>
    <truncated>0</truncated>
    <difficult>0</difficult>
    <bndbox>
      <xmin>875</xmin>
      <ymin>2409</ymin>
      <xmax>1190</xmax>
      <ymax>2846</ymax>
    </bndbox>
  </object>
</annotation>