<annotation>
  <folder>input</folder>
  <filename>image (1160).png</filename>
  <path>C:\Users\Admin\OpenLabeling-master-main\main\input\image (1160).png</path>
  <source>
    <database>Unknown</database>
  </source>
  <size>
    <width>2472</width>
    <height>3484</height>
    <depth>3</depth>
  </size>
  <segmented>0</segmented>
  <object>
    <name>signature</name>
    <pose>Unspecified</pose>
    <truncated>0</truncated>
    <difficult>0</difficult>
    <bndbox>
      <xmin>1469</xmin>
      <ymin>2552</ymin>
      <xmax>1712</xmax>
      <ymax>2749</ymax>
    </bndbox>
  </object>
  <object>
    <name>stamp</name>
    <pose>Unspecified</pose>
    <truncated>0</truncated>
    <difficult>0</difficult>
    <bndbox>
      <xmin>1446</xmin>
      <ymin>2872</ymin>
      <xmax>1738</xmax>
      <ymax>3338</ymax>
    </bndbox>
  </object>
</annotation>