<annotation>
  <folder>input</folder>
  <filename>image (1342).png</filename>
  <path>C:\Users\Admin\OpenLabeling-master-main\main\input\image (1342).png</path>
  <source>
    <database>Unknown</database>
  </source>
  <size>
    <width>2476</width>
    <height>3476</height>
    <depth>3</depth>
  </size>
  <segmented>0</segmented>
  <object>
    <name>signature</name>
    <pose>Unspecified</pose>
    <truncated>0</truncated>
    <difficult>0</difficult>
    <bndbox>
      <xmin>1915</xmin>
      <ymin>2496</ymin>
      <xmax>2167</xmax>
      <ymax>2737</ymax>
    </bndbox>
  </object>
  <object>
    <name>stamp</name>
    <pose>Unspecified</pose>
    <truncated>0</truncated>
    <difficult>0</difficult>
    <bndbox>
      <xmin>691</xmin>
      <ymin>2266</ymin>
      <xmax>1194</xmax>
      <ymax>2882</ymax>
    </bndbox>
  </object>
</annotation>