<annotation>
  <folder>input</folder>
  <filename>image (1166).png</filename>
  <path>C:\Users\Admin\OpenLabeling-master-main\main\input\image (1166).png</path>
  <source>
    <database>Unknown</database>
  </source>
  <size>
    <width>2476</width>
    <height>3480</height>
    <depth>3</depth>
  </size>
  <segmented>0</segmented>
  <object>
    <name>signature</name>
    <pose>Unspecified</pose>
    <truncated>0</truncated>
    <difficult>0</difficult>
    <bndbox>
      <xmin>1479</xmin>
      <ymin>2510</ymin>
      <xmax>1740</xmax>
      <ymax>2717</ymax>
    </bndbox>
  </object>
  <object>
    <name>stamp</name>
    <pose>Unspecified</pose>
    <truncated>0</truncated>
    <difficult>0</difficult>
    <bndbox>
      <xmin>1003</xmin>
      <ymin>2504</ymin>
      <xmax>1321</xmax>
      <ymax>2885</ymax>
    </bndbox>
  </object>
</annotation>