<annotation>
  <folder>input</folder>
  <filename>image (1307).png</filename>
  <path>C:\Users\Admin\OpenLabeling-master-main\main\input\image (1307).png</path>
  <source>
    <database>Unknown</database>
  </source>
  <size>
    <width>2468</width>
    <height>3480</height>
    <depth>3</depth>
  </size>
  <segmented>0</segmented>
  <object>
    <name>signature</name>
    <pose>Unspecified</pose>
    <truncated>0</truncated>
    <difficult>0</difficult>
    <bndbox>
      <xmin>1776</xmin>
      <ymin>2331</ymin>
      <xmax>2169</xmax>
      <ymax>2639</ymax>
    </bndbox>
  </object>
  <object>
    <name>stamp</name>
    <pose>Unspecified</pose>
    <truncated>0</truncated>
    <difficult>0</difficult>
    <bndbox>
      <xmin>1121</xmin>
      <ymin>2258</ymin>
      <xmax>1422</xmax>
      <ymax>2779</ymax>
    </bndbox>
  </object>
</annotation>