<annotation>
  <folder>input</folder>
  <filename>image (113).png</filename>
  <path>C:\Users\Admin\OpenLabeling-master-main\main\input\image (113).png</path>
  <source>
    <database>Unknown</database>
  </source>
  <size>
    <width>2468</width>
    <height>3480</height>
    <depth>3</depth>
  </size>
  <segmented>0</segmented>
  <object>
    <name>signature</name>
    <pose>Unspecified</pose>
    <truncated>0</truncated>
    <difficult>0</difficult>
    <bndbox>
      <xmin>231</xmin>
      <ymin>2359</ymin>
      <xmax>551</xmax>
      <ymax>2645</ymax>
    </bndbox>
  </object>
  <object>
    <name>stamp</name>
    <pose>Unspecified</pose>
    <truncated>0</truncated>
    <difficult>0</difficult>
    <bndbox>
      <xmin>1778</xmin>
      <ymin>2370</ymin>
      <xmax>2107</xmax>
      <ymax>2785</ymax>
    </bndbox>
  </object>
</annotation>