<annotation>
  <folder>input</folder>
  <filename>image (1045).png</filename>
  <path>C:\Users\Admin\OpenLabeling-master-main\main\input\image (1045).png</path>
  <source>
    <database>Unknown</database>
  </source>
  <size>
    <width>2476</width>
    <height>3480</height>
    <depth>3</depth>
  </size>
  <segmented>0</segmented>
  <object>
    <name>signature</name>
    <pose>Unspecified</pose>
    <truncated>0</truncated>
    <difficult>0</difficult>
    <bndbox>
      <xmin>1722</xmin>
      <ymin>2286</ymin>
      <xmax>1976</xmax>
      <ymax>2516</ymax>
    </bndbox>
  </object>
  <object>
    <name>stamp</name>
    <pose>Unspecified</pose>
    <truncated>0</truncated>
    <difficult>0</difficult>
    <bndbox>
      <xmin>791</xmin>
      <ymin>2527</ymin>
      <xmax>1383</xmax>
      <ymax>3132</ymax>
    </bndbox>
  </object>
</annotation>