<annotation>
  <folder>input</folder>
  <filename>image (1313).png</filename>
  <path>C:\Users\Admin\OpenLabeling-master-main\main\input\image (1313).png</path>
  <source>
    <database>Unknown</database>
  </source>
  <size>
    <width>2472</width>
    <height>3480</height>
    <depth>3</depth>
  </size>
  <segmented>0</segmented>
  <object>
    <name>signature</name>
    <pose>Unspecified</pose>
    <truncated>0</truncated>
    <difficult>0</difficult>
    <bndbox>
      <xmin>1998</xmin>
      <ymin>2493</ymin>
      <xmax>2267</xmax>
      <ymax>2712</ymax>
    </bndbox>
  </object>
  <object>
    <name>stamp</name>
    <pose>Unspecified</pose>
    <truncated>0</truncated>
    <difficult>0</difficult>
    <bndbox>
      <xmin>1188</xmin>
      <ymin>2325</ymin>
      <xmax>1491</xmax>
      <ymax>2796</ymax>
    </bndbox>
  </object>
</annotation>