<annotation>
  <folder>input</folder>
  <filename>image (1279).png</filename>
  <path>C:\Users\Admin\OpenLabeling-master-main\main\input\image (1279).png</path>
  <source>
    <database>Unknown</database>
  </source>
  <size>
    <width>2476</width>
    <height>3476</height>
    <depth>3</depth>
  </size>
  <segmented>0</segmented>
  <object>
    <name>signature</name>
    <pose>Unspecified</pose>
    <truncated>0</truncated>
    <difficult>0</difficult>
    <bndbox>
      <xmin>259</xmin>
      <ymin>2406</ymin>
      <xmax>673</xmax>
      <ymax>2641</ymax>
    </bndbox>
  </object>
  <object>
    <name>stamp</name>
    <pose>Unspecified</pose>
    <truncated>0</truncated>
    <difficult>0</difficult>
    <bndbox>
      <xmin>1139</xmin>
      <ymin>2821</ymin>
      <xmax>1417</xmax>
      <ymax>3229</ymax>
    </bndbox>
  </object>
</annotation>