<annotation>
  <folder>input</folder>
  <filename>image (1239).png</filename>
  <path>C:\Users\Admin\OpenLabeling-master-main\main\input\image (1239).png</path>
  <source>
    <database>Unknown</database>
  </source>
  <size>
    <width>2476</width>
    <height>3476</height>
    <depth>3</depth>
  </size>
  <segmented>0</segmented>
  <object>
    <name>signature</name>
    <pose>Unspecified</pose>
    <truncated>0</truncated>
    <difficult>0</difficult>
    <bndbox>
      <xmin>1735</xmin>
      <ymin>2238</ymin>
      <xmax>1960</xmax>
      <ymax>2496</ymax>
    </bndbox>
  </object>
  <object>
    <name>stamp</name>
    <pose>Unspecified</pose>
    <truncated>0</truncated>
    <difficult>0</difficult>
    <bndbox>
      <xmin>1528</xmin>
      <ymin>2451</ymin>
      <xmax>1889</xmax>
      <ymax>2882</ymax>
    </bndbox>
  </object>
</annotation>