<annotation>
  <folder>input</folder>
  <filename>image (1378).png</filename>
  <path>C:\Users\Admin\OpenLabeling-master-main\main\input\image (1378).png</path>
  <source>
    <database>Unknown</database>
  </source>
  <size>
    <width>2476</width>
    <height>3476</height>
    <depth>3</depth>
  </size>
  <segmented>0</segmented>
  <object>
    <name>signature</name>
    <pose>Unspecified</pose>
    <truncated>0</truncated>
    <difficult>0</difficult>
    <bndbox>
      <xmin>1831</xmin>
      <ymin>2714</ymin>
      <xmax>2049</xmax>
      <ymax>3000</ymax>
    </bndbox>
  </object>
  <object>
    <name>stamp</name>
    <pose>Unspecified</pose>
    <truncated>0</truncated>
    <difficult>0</difficult>
    <bndbox>
      <xmin>1029</xmin>
      <ymin>2669</ymin>
      <xmax>1330</xmax>
      <ymax>3117</ymax>
    </bndbox>
  </object>
</annotation>