<annotation>
  <folder>input</folder>
  <filename>image (1113).png</filename>
  <path>C:\Users\Admin\OpenLabeling-master-main\main\input\image (1113).png</path>
  <source>
    <database>Unknown</database>
  </source>
  <size>
    <width>2468</width>
    <height>3480</height>
    <depth>3</depth>
  </size>
  <segmented>0</segmented>
  <object>
    <name>signature</name>
    <pose>Unspecified</pose>
    <truncated>0</truncated>
    <difficult>0</difficult>
    <bndbox>
      <xmin>1472</xmin>
      <ymin>2801</ymin>
      <xmax>1726</xmax>
      <ymax>3126</ymax>
    </bndbox>
  </object>
  <object>
    <name>stamp</name>
    <pose>Unspecified</pose>
    <truncated>0</truncated>
    <difficult>0</difficult>
    <bndbox>
      <xmin>1807</xmin>
      <ymin>2645</ymin>
      <xmax>2104</xmax>
      <ymax>3020</ymax>
    </bndbox>
  </object>
</annotation>