<annotation>
  <folder>input</folder>
  <filename>image (1008).png</filename>
  <path>C:\Users\Admin\OpenLabeling-master-main\main\input\image (1008).png</path>
  <source>
    <database>Unknown</database>
  </source>
  <size>
    <width>2480</width>
    <height>3476</height>
    <depth>3</depth>
  </size>
  <segmented>0</segmented>
  <object>
    <name>signature</name>
    <pose>Unspecified</pose>
    <truncated>0</truncated>
    <difficult>0</difficult>
    <bndbox>
      <xmin>1929</xmin>
      <ymin>2350</ymin>
      <xmax>2294</xmax>
      <ymax>2597</ymax>
    </bndbox>
  </object>
  <object>
    <name>stamp</name>
    <pose>Unspecified</pose>
    <truncated>0</truncated>
    <difficult>0</difficult>
    <bndbox>
      <xmin>1645</xmin>
      <ymin>2809</ymin>
      <xmax>2192</xmax>
      <ymax>3291</ymax>
    </bndbox>
  </object>
</annotation>