<annotation>
  <folder>input</folder>
  <filename>image (1350).png</filename>
  <path>C:\Users\Admin\OpenLabeling-master-main\main\input\image (1350).png</path>
  <source>
    <database>Unknown</database>
  </source>
  <size>
    <width>2480</width>
    <height>3476</height>
    <depth>3</depth>
  </size>
  <segmented>0</segmented>
  <object>
    <name>signature</name>
    <pose>Unspecified</pose>
    <truncated>0</truncated>
    <difficult>0</difficult>
    <bndbox>
      <xmin>341</xmin>
      <ymin>2093</ymin>
      <xmax>558</xmax>
      <ymax>2300</ymax>
    </bndbox>
  </object>
  <object>
    <name>stamp</name>
    <pose>Unspecified</pose>
    <truncated>0</truncated>
    <difficult>0</difficult>
    <bndbox>
      <xmin>1221</xmin>
      <ymin>2076</ymin>
      <xmax>1818</xmax>
      <ymax>2905</ymax>
    </bndbox>
  </object>
</annotation>