<annotation>
  <folder>input</folder>
  <filename>image (1340).png</filename>
  <path>C:\Users\Admin\OpenLabeling-master-main\main\input\image (1340).png</path>
  <source>
    <database>Unknown</database>
  </source>
  <size>
    <width>2476</width>
    <height>3480</height>
    <depth>3</depth>
  </size>
  <segmented>0</segmented>
  <object>
    <name>signature</name>
    <pose>Unspecified</pose>
    <truncated>0</truncated>
    <difficult>0</difficult>
    <bndbox>
      <xmin>1791</xmin>
      <ymin>2521</ymin>
      <xmax>2174</xmax>
      <ymax>2790</ymax>
    </bndbox>
  </object>
  <object>
    <name>stamp</name>
    <pose>Unspecified</pose>
    <truncated>0</truncated>
    <difficult>0</difficult>
    <bndbox>
      <xmin>475</xmin>
      <ymin>2392</ymin>
      <xmax>974</xmax>
      <ymax>2975</ymax>
    </bndbox>
  </object>
</annotation>