<annotation>
  <folder>input</folder>
  <filename>image (127).png</filename>
  <path>C:\Users\Admin\OpenLabeling-master-main\main\input\image (127).png</path>
  <source>
    <database>Unknown</database>
  </source>
  <size>
    <width>2472</width>
    <height>3484</height>
    <depth>3</depth>
  </size>
  <segmented>0</segmented>
  <object>
    <name>signature</name>
    <pose>Unspecified</pose>
    <truncated>0</truncated>
    <difficult>0</difficult>
    <bndbox>
      <xmin>367</xmin>
      <ymin>2311</ymin>
      <xmax>822</xmax>
      <ymax>2597</ymax>
    </bndbox>
  </object>
  <object>
    <name>stamp</name>
    <pose>Unspecified</pose>
    <truncated>0</truncated>
    <difficult>0</difficult>
    <bndbox>
      <xmin>1270</xmin>
      <ymin>1037</ymin>
      <xmax>1531</xmax>
      <ymax>1548</ymax>
    </bndbox>
  </object>
</annotation>