<annotation>
  <folder>input</folder>
  <filename>image (1298).png</filename>
  <path>C:\Users\Admin\OpenLabeling-master-main\main\input\image (1298).png</path>
  <source>
    <database>Unknown</database>
  </source>
  <size>
    <width>2476</width>
    <height>3484</height>
    <depth>3</depth>
  </size>
  <segmented>0</segmented>
  <object>
    <name>signature</name>
    <pose>Unspecified</pose>
    <truncated>0</truncated>
    <difficult>0</difficult>
    <bndbox>
      <xmin>1976</xmin>
      <ymin>2350</ymin>
      <xmax>2198</xmax>
      <ymax>2603</ymax>
    </bndbox>
  </object>
  <object>
    <name>stamp</name>
    <pose>Unspecified</pose>
    <truncated>0</truncated>
    <difficult>0</difficult>
    <bndbox>
      <xmin>1123</xmin>
      <ymin>2260</ymin>
      <xmax>1419</xmax>
      <ymax>2850</ymax>
    </bndbox>
  </object>
</annotation>