<annotation>
  <folder>input</folder>
  <filename>image (1420).png</filename>
  <path>C:\Users\Admin\OpenLabeling-master-main\main\input\image (1420).png</path>
  <source>
    <database>Unknown</database>
  </source>
  <size>
    <width>2480</width>
    <height>3476</height>
    <depth>3</depth>
  </size>
  <segmented>0</segmented>
  <object>
    <name>signature</name>
    <pose>Unspecified</pose>
    <truncated>0</truncated>
    <difficult>0</difficult>
    <bndbox>
      <xmin>1630</xmin>
      <ymin>2530</ymin>
      <xmax>1932</xmax>
      <ymax>2888</ymax>
    </bndbox>
  </object>
  <object>
    <name>stamp</name>
    <pose>Unspecified</pose>
    <truncated>0</truncated>
    <difficult>0</difficult>
    <bndbox>
      <xmin>967</xmin>
      <ymin>2703</ymin>
      <xmax>1310</xmax>
      <ymax>3179</ymax>
    </bndbox>
  </object>
</annotation>