<annotation>
  <folder>input</folder>
  <filename>image (1040).png</filename>
  <path>C:\Users\Admin\OpenLabeling-master-main\main\input\image (1040).png</path>
  <source>
    <database>Unknown</database>
  </source>
  <size>
    <width>2476</width>
    <height>3476</height>
    <depth>3</depth>
  </size>
  <segmented>0</segmented>
  <object>
    <name>signature</name>
    <pose>Unspecified</pose>
    <truncated>0</truncated>
    <difficult>0</difficult>
    <bndbox>
      <xmin>1588</xmin>
      <ymin>2311</ymin>
      <xmax>1902</xmax>
      <ymax>2563</ymax>
    </bndbox>
  </object>
  <object>
    <name>stamp</name>
    <pose>Unspecified</pose>
    <truncated>0</truncated>
    <difficult>0</difficult>
    <bndbox>
      <xmin>860</xmin>
      <ymin>2597</ymin>
      <xmax>1450</xmax>
      <ymax>3134</ymax>
    </bndbox>
  </object>
</annotation>