<annotation>
  <folder>input</folder>
  <filename>image (1311).png</filename>
  <path>C:\Users\Admin\OpenLabeling-master-main\main\input\image (1311).png</path>
  <source>
    <database>Unknown</database>
  </source>
  <size>
    <width>2476</width>
    <height>3480</height>
    <depth>3</depth>
  </size>
  <segmented>0</segmented>
  <object>
    <name>signature</name>
    <pose>Unspecified</pose>
    <truncated>0</truncated>
    <difficult>0</difficult>
    <bndbox>
      <xmin>1906</xmin>
      <ymin>2118</ymin>
      <xmax>2205</xmax>
      <ymax>2420</ymax>
    </bndbox>
  </object>
  <object>
    <name>stamp</name>
    <pose>Unspecified</pose>
    <truncated>0</truncated>
    <difficult>0</difficult>
    <bndbox>
      <xmin>693</xmin>
      <ymin>2101</ymin>
      <xmax>1027</xmax>
      <ymax>2622</ymax>
    </bndbox>
  </object>
</annotation>