<annotation>
  <folder>input</folder>
  <filename>image (1017).png</filename>
  <path>C:\Users\Admin\OpenLabeling-master-main\main\input\image (1017).png</path>
  <source>
    <database>Unknown</database>
  </source>
  <size>
    <width>2480</width>
    <height>3480</height>
    <depth>3</depth>
  </size>
  <segmented>0</segmented>
  <object>
    <name>signature</name>
    <pose>Unspecified</pose>
    <truncated>0</truncated>
    <difficult>0</difficult>
    <bndbox>
      <xmin>1703</xmin>
      <ymin>2488</ymin>
      <xmax>2238</xmax>
      <ymax>2807</ymax>
    </bndbox>
  </object>
  <object>
    <name>stamp</name>
    <pose>Unspecified</pose>
    <truncated>0</truncated>
    <difficult>0</difficult>
    <bndbox>
      <xmin>774</xmin>
      <ymin>2583</ymin>
      <xmax>1343</xmax>
      <ymax>3160</ymax>
    </bndbox>
  </object>
</annotation>