<annotation>
  <folder>input</folder>
  <filename>image (1044).png</filename>
  <path>C:\Users\Admin\OpenLabeling-master-main\main\input\image (1044).png</path>
  <source>
    <database>Unknown</database>
  </source>
  <size>
    <width>2480</width>
    <height>3476</height>
    <depth>3</depth>
  </size>
  <segmented>0</segmented>
  <object>
    <name>signature</name>
    <pose>Unspecified</pose>
    <truncated>0</truncated>
    <difficult>0</difficult>
    <bndbox>
      <xmin>1809</xmin>
      <ymin>2440</ymin>
      <xmax>2000</xmax>
      <ymax>2669</ymax>
    </bndbox>
  </object>
  <object>
    <name>stamp</name>
    <pose>Unspecified</pose>
    <truncated>0</truncated>
    <difficult>0</difficult>
    <bndbox>
      <xmin>720</xmin>
      <ymin>2507</ymin>
      <xmax>1296</xmax>
      <ymax>3100</ymax>
    </bndbox>
  </object>
</annotation>