<annotation>
  <folder>input</folder>
  <filename>image (1242).png</filename>
  <path>C:\Users\Admin\OpenLabeling-master-main\main\input\image (1242).png</path>
  <source>
    <database>Unknown</database>
  </source>
  <size>
    <width>2472</width>
    <height>3476</height>
    <depth>3</depth>
  </size>
  <segmented>0</segmented>
  <object>
    <name>signature</name>
    <pose>Unspecified</pose>
    <truncated>0</truncated>
    <difficult>0</difficult>
    <bndbox>
      <xmin>1674</xmin>
      <ymin>2188</ymin>
      <xmax>1812</xmax>
      <ymax>2373</ymax>
    </bndbox>
  </object>
  <object>
    <name>stamp</name>
    <pose>Unspecified</pose>
    <truncated>0</truncated>
    <difficult>0</difficult>
    <bndbox>
      <xmin>657</xmin>
      <ymin>2518</ymin>
      <xmax>1027</xmax>
      <ymax>3000</ymax>
    </bndbox>
  </object>
</annotation>