<annotation>
  <folder>input</folder>
  <filename>image (1163).png</filename>
  <path>C:\Users\Admin\OpenLabeling-master-main\main\input\image (1163).png</path>
  <source>
    <database>Unknown</database>
  </source>
  <size>
    <width>2480</width>
    <height>3484</height>
    <depth>3</depth>
  </size>
  <segmented>0</segmented>
  <object>
    <name>signature</name>
    <pose>Unspecified</pose>
    <truncated>0</truncated>
    <difficult>0</difficult>
    <bndbox>
      <xmin>1489</xmin>
      <ymin>2591</ymin>
      <xmax>1827</xmax>
      <ymax>2833</ymax>
    </bndbox>
  </object>
  <object>
    <name>stamp</name>
    <pose>Unspecified</pose>
    <truncated>0</truncated>
    <difficult>0</difficult>
    <bndbox>
      <xmin>1085</xmin>
      <ymin>2636</ymin>
      <xmax>1405</xmax>
      <ymax>3108</ymax>
    </bndbox>
  </object>
</annotation>