<annotation>
  <folder>input</folder>
  <filename>image (1039).png</filename>
  <path>C:\Users\Admin\OpenLabeling-master-main\main\input\image (1039).png</path>
  <source>
    <database>Unknown</database>
  </source>
  <size>
    <width>2480</width>
    <height>3476</height>
    <depth>3</depth>
  </size>
  <segmented>0</segmented>
  <object>
    <name>signature</name>
    <pose>Unspecified</pose>
    <truncated>0</truncated>
    <difficult>0</difficult>
    <bndbox>
      <xmin>1820</xmin>
      <ymin>2507</ymin>
      <xmax>2012</xmax>
      <ymax>2781</ymax>
    </bndbox>
  </object>
  <object>
    <name>stamp</name>
    <pose>Unspecified</pose>
    <truncated>0</truncated>
    <difficult>0</difficult>
    <bndbox>
      <xmin>1496</xmin>
      <ymin>2949</ymin>
      <xmax>2070</xmax>
      <ymax>3397</ymax>
    </bndbox>
  </object>
</annotation>