<annotation>
  <folder>input</folder>
  <filename>image (1152).png</filename>
  <path>C:\Users\Admin\OpenLabeling-master-main\main\input\image (1152).png</path>
  <source>
    <database>Unknown</database>
  </source>
  <size>
    <width>2476</width>
    <height>3480</height>
    <depth>3</depth>
  </size>
  <segmented>0</segmented>
  <object>
    <name>signature</name>
    <pose>Unspecified</pose>
    <truncated>0</truncated>
    <difficult>0</difficult>
    <bndbox>
      <xmin>1764</xmin>
      <ymin>2135</ymin>
      <xmax>2180</xmax>
      <ymax>2443</ymax>
    </bndbox>
  </object>
  <object>
    <name>stamp</name>
    <pose>Unspecified</pose>
    <truncated>0</truncated>
    <difficult>0</difficult>
    <bndbox>
      <xmin>1152</xmin>
      <ymin>2168</ymin>
      <xmax>1522</xmax>
      <ymax>2684</ymax>
    </bndbox>
  </object>
</annotation>