<annotation>
  <folder>input</folder>
  <filename>image (1425).png</filename>
  <path>C:\Users\Admin\OpenLabeling-master-main\main\input\image (1425).png</path>
  <source>
    <database>Unknown</database>
  </source>
  <size>
    <width>2476</width>
    <height>3484</height>
    <depth>3</depth>
  </size>
  <segmented>0</segmented>
  <object>
    <name>signature</name>
    <pose>Unspecified</pose>
    <truncated>0</truncated>
    <difficult>0</difficult>
    <bndbox>
      <xmin>769</xmin>
      <ymin>2513</ymin>
      <xmax>1114</xmax>
      <ymax>2749</ymax>
    </bndbox>
  </object>
  <object>
    <name>stamp</name>
    <pose>Unspecified</pose>
    <truncated>0</truncated>
    <difficult>0</difficult>
    <bndbox>
      <xmin>873</xmin>
      <ymin>2648</ymin>
      <xmax>1159</xmax>
      <ymax>3035</ymax>
    </bndbox>
  </object>
</annotation>