<annotation>
  <folder>input</folder>
  <filename>image (1290).png</filename>
  <path>C:\Users\Admin\OpenLabeling-master-main\main\input\image (1290).png</path>
  <source>
    <database>Unknown</database>
  </source>
  <size>
    <width>2472</width>
    <height>3480</height>
    <depth>3</depth>
  </size>
  <segmented>0</segmented>
  <object>
    <name>signature</name>
    <pose>Unspecified</pose>
    <truncated>0</truncated>
    <difficult>0</difficult>
    <bndbox>
      <xmin>1843</xmin>
      <ymin>2297</ymin>
      <xmax>2285</xmax>
      <ymax>2560</ymax>
    </bndbox>
  </object>
  <object>
    <name>stamp</name>
    <pose>Unspecified</pose>
    <truncated>0</truncated>
    <difficult>0</difficult>
    <bndbox>
      <xmin>813</xmin>
      <ymin>2280</ymin>
      <xmax>1339</xmax>
      <ymax>3048</ymax>
    </bndbox>
  </object>
</annotation>