<annotation>
  <folder>input</folder>
  <filename>image (1258).png</filename>
  <path>C:\Users\Admin\OpenLabeling-master-main\main\input\image (1258).png</path>
  <source>
    <database>Unknown</database>
  </source>
  <size>
    <width>2468</width>
    <height>3484</height>
    <depth>3</depth>
  </size>
  <segmented>0</segmented>
  <object>
    <name>signature</name>
    <pose>Unspecified</pose>
    <truncated>0</truncated>
    <difficult>0</difficult>
    <bndbox>
      <xmin>269</xmin>
      <ymin>2322</ymin>
      <xmax>468</xmax>
      <ymax>2524</ymax>
    </bndbox>
  </object>
  <object>
    <name>stamp</name>
    <pose>Unspecified</pose>
    <truncated>0</truncated>
    <difficult>0</difficult>
    <bndbox>
      <xmin>323</xmin>
      <ymin>566</ymin>
      <xmax>665</xmax>
      <ymax>835</ymax>
    </bndbox>
  </object>
</annotation>