<annotation>
  <folder>input</folder>
  <filename>image (10).png</filename>
  <path>C:\Users\Admin\OpenLabeling-master-main\main\input\image (10).png</path>
  <source>
    <database>Unknown</database>
  </source>
  <size>
    <width>2472</width>
    <height>3480</height>
    <depth>3</depth>
  </size>
  <segmented>0</segmented>
  <object>
    <name>signature</name>
    <pose>Unspecified</pose>
    <truncated>0</truncated>
    <difficult>0</difficult>
    <bndbox>
      <xmin>1058</xmin>
      <ymin>2544</ymin>
      <xmax>1591</xmax>
      <ymax>2919</ymax>
    </bndbox>
  </object>
  <object>
    <name>stamp</name>
    <pose>Unspecified</pose>
    <truncated>0</truncated>
    <difficult>0</difficult>
    <bndbox>
      <xmin>1986</xmin>
      <ymin>980</ymin>
      <xmax>2245</xmax>
      <ymax>1356</ymax>
    </bndbox>
  </object>
</annotation>