<annotation>
  <folder>input</folder>
  <filename>image (1109).png</filename>
  <path>C:\Users\Admin\OpenLabeling-master-main\main\input\image (1109).png</path>
  <source>
    <database>Unknown</database>
  </source>
  <size>
    <width>2484</width>
    <height>3492</height>
    <depth>3</depth>
  </size>
  <segmented>0</segmented>
  <object>
    <name>signature</name>
    <pose>Unspecified</pose>
    <truncated>0</truncated>
    <difficult>0</difficult>
    <bndbox>
      <xmin>1056</xmin>
      <ymin>2316</ymin>
      <xmax>1713</xmax>
      <ymax>2586</ymax>
    </bndbox>
  </object>
  <object>
    <name>stamp</name>
    <pose>Unspecified</pose>
    <truncated>0</truncated>
    <difficult>0</difficult>
    <bndbox>
      <xmin>1826</xmin>
      <ymin>2328</ymin>
      <xmax>2092</xmax>
      <ymax>2749</ymax>
    </bndbox>
  </object>
</annotation>