<annotation>
  <folder>input</folder>
  <filename>image (1334).png</filename>
  <path>C:\Users\Admin\OpenLabeling-master-main\main\input\image (1334).png</path>
  <source>
    <database>Unknown</database>
  </source>
  <size>
    <width>2476</width>
    <height>3476</height>
    <depth>3</depth>
  </size>
  <segmented>0</segmented>
  <object>
    <name>signature</name>
    <pose>Unspecified</pose>
    <truncated>0</truncated>
    <difficult>0</difficult>
    <bndbox>
      <xmin>1974</xmin>
      <ymin>2317</ymin>
      <xmax>2252</xmax>
      <ymax>2580</ymax>
    </bndbox>
  </object>
  <object>
    <name>stamp</name>
    <pose>Unspecified</pose>
    <truncated>0</truncated>
    <difficult>0</difficult>
    <bndbox>
      <xmin>802</xmin>
      <ymin>2149</ymin>
      <xmax>1306</xmax>
      <ymax>2809</ymax>
    </bndbox>
  </object>
</annotation>