<annotation>
  <folder>input</folder>
  <filename>image (1427).png</filename>
  <path>C:\Users\Admin\OpenLabeling-master-main\main\input\image (1427).png</path>
  <source>
    <database>Unknown</database>
  </source>
  <size>
    <width>2476</width>
    <height>3476</height>
    <depth>3</depth>
  </size>
  <segmented>0</segmented>
  <object>
    <name>signature</name>
    <pose>Unspecified</pose>
    <truncated>0</truncated>
    <difficult>0</difficult>
    <bndbox>
      <xmin>1822</xmin>
      <ymin>2563</ymin>
      <xmax>2127</xmax>
      <ymax>2899</ymax>
    </bndbox>
  </object>
  <object>
    <name>stamp</name>
    <pose>Unspecified</pose>
    <truncated>0</truncated>
    <difficult>0</difficult>
    <bndbox>
      <xmin>588</xmin>
      <ymin>2574</ymin>
      <xmax>887</xmax>
      <ymax>3072</ymax>
    </bndbox>
  </object>
</annotation>