<annotation>
  <folder>input</folder>
  <filename>image (1387).png</filename>
  <path>C:\Users\Admin\OpenLabeling-master-main\main\input\image (1387).png</path>
  <source>
    <database>Unknown</database>
  </source>
  <size>
    <width>2468</width>
    <height>3480</height>
    <depth>3</depth>
  </size>
  <segmented>0</segmented>
  <object>
    <name>signature</name>
    <pose>Unspecified</pose>
    <truncated>0</truncated>
    <difficult>0</difficult>
    <bndbox>
      <xmin>1628</xmin>
      <ymin>2734</ymin>
      <xmax>1988</xmax>
      <ymax>2953</ymax>
    </bndbox>
  </object>
  <object>
    <name>stamp</name>
    <pose>Unspecified</pose>
    <truncated>0</truncated>
    <difficult>0</difficult>
    <bndbox>
      <xmin>861</xmin>
      <ymin>2857</ymin>
      <xmax>1176</xmax>
      <ymax>3356</ymax>
    </bndbox>
  </object>
</annotation>