<annotation>
  <folder>input</folder>
  <filename>image (1251).png</filename>
  <path>C:\Users\Admin\OpenLabeling-master-main\main\input\image (1251).png</path>
  <source>
    <database>Unknown</database>
  </source>
  <size>
    <width>2468</width>
    <height>3476</height>
    <depth>3</depth>
  </size>
  <segmented>0</segmented>
  <object>
    <name>signature</name>
    <pose>Unspecified</pose>
    <truncated>0</truncated>
    <difficult>0</difficult>
    <bndbox>
      <xmin>287</xmin>
      <ymin>2350</ymin>
      <xmax>609</xmax>
      <ymax>2586</ymax>
    </bndbox>
  </object>
  <object>
    <name>stamp</name>
    <pose>Unspecified</pose>
    <truncated>0</truncated>
    <difficult>0</difficult>
    <bndbox>
      <xmin>378</xmin>
      <ymin>626</ymin>
      <xmax>729</xmax>
      <ymax>873</ymax>
    </bndbox>
  </object>
</annotation>