<annotation>
  <folder>input</folder>
  <filename>image (143).png</filename>
  <path>C:\Users\Admin\OpenLabeling-master-main\main\input\image (143).png</path>
  <source>
    <database>Unknown</database>
  </source>
  <size>
    <width>2476</width>
    <height>3472</height>
    <depth>3</depth>
  </size>
  <segmented>0</segmented>
  <object>
    <name>signature</name>
    <pose>Unspecified</pose>
    <truncated>0</truncated>
    <difficult>0</difficult>
    <bndbox>
      <xmin>1693</xmin>
      <ymin>2057</ymin>
      <xmax>1994</xmax>
      <ymax>2214</ymax>
    </bndbox>
  </object>
  <object>
    <name>stamp</name>
    <pose>Unspecified</pose>
    <truncated>0</truncated>
    <difficult>0</difficult>
    <bndbox>
      <xmin>1484</xmin>
      <ymin>2219</ymin>
      <xmax>1873</xmax>
      <ymax>2761</ymax>
    </bndbox>
  </object>
</annotation>