<annotation>
  <folder>input</folder>
  <filename>image (1392).png</filename>
  <path>C:\Users\Admin\OpenLabeling-master-main\main\input\image (1392).png</path>
  <source>
    <database>Unknown</database>
  </source>
  <size>
    <width>2472</width>
    <height>3480</height>
    <depth>3</depth>
  </size>
  <segmented>0</segmented>
  <object>
    <name>signature</name>
    <pose>Unspecified</pose>
    <truncated>0</truncated>
    <difficult>0</difficult>
    <bndbox>
      <xmin>1728</xmin>
      <ymin>2600</ymin>
      <xmax>2162</xmax>
      <ymax>2891</ymax>
    </bndbox>
  </object>
  <object>
    <name>stamp</name>
    <pose>Unspecified</pose>
    <truncated>0</truncated>
    <difficult>0</difficult>
    <bndbox>
      <xmin>801</xmin>
      <ymin>2628</ymin>
      <xmax>1100</xmax>
      <ymax>3132</ymax>
    </bndbox>
  </object>
</annotation>