<annotation>
  <folder>input</folder>
  <filename>image (1388).png</filename>
  <path>C:\Users\Admin\OpenLabeling-master-main\main\input\image (1388).png</path>
  <source>
    <database>Unknown</database>
  </source>
  <size>
    <width>2472</width>
    <height>3480</height>
    <depth>3</depth>
  </size>
  <segmented>0</segmented>
  <object>
    <name>signature</name>
    <pose>Unspecified</pose>
    <truncated>0</truncated>
    <difficult>0</difficult>
    <bndbox>
      <xmin>1560</xmin>
      <ymin>2807</ymin>
      <xmax>1783</xmax>
      <ymax>3020</ymax>
    </bndbox>
  </object>
  <object>
    <name>stamp</name>
    <pose>Unspecified</pose>
    <truncated>0</truncated>
    <difficult>0</difficult>
    <bndbox>
      <xmin>1223</xmin>
      <ymin>2958</ymin>
      <xmax>1535</xmax>
      <ymax>3423</ymax>
    </bndbox>
  </object>
</annotation>