<annotation>
  <folder>input</folder>
  <filename>image (1404).png</filename>
  <path>C:\Users\Admin\OpenLabeling-master-main\main\input\image (1404).png</path>
  <source>
    <database>Unknown</database>
  </source>
  <size>
    <width>2472</width>
    <height>3480</height>
    <depth>3</depth>
  </size>
  <segmented>0</segmented>
  <object>
    <name>signature</name>
    <pose>Unspecified</pose>
    <truncated>0</truncated>
    <difficult>0</difficult>
    <bndbox>
      <xmin>1542</xmin>
      <ymin>2617</ymin>
      <xmax>1982</xmax>
      <ymax>2930</ymax>
    </bndbox>
  </object>
  <object>
    <name>stamp</name>
    <pose>Unspecified</pose>
    <truncated>0</truncated>
    <difficult>0</difficult>
    <bndbox>
      <xmin>1562</xmin>
      <ymin>2986</ymin>
      <xmax>1937</xmax>
      <ymax>3418</ymax>
    </bndbox>
  </object>
</annotation>