<annotation>
  <folder>input</folder>
  <filename>image (1218).png</filename>
  <path>C:\Users\Admin\OpenLabeling-master-main\main\input\image (1218).png</path>
  <source>
    <database>Unknown</database>
  </source>
  <size>
    <width>2476</width>
    <height>3476</height>
    <depth>3</depth>
  </size>
  <segmented>0</segmented>
  <object>
    <name>signature</name>
    <pose>Unspecified</pose>
    <truncated>0</truncated>
    <difficult>0</difficult>
    <bndbox>
      <xmin>1857</xmin>
      <ymin>2289</ymin>
      <xmax>2205</xmax>
      <ymax>2541</ymax>
    </bndbox>
  </object>
  <object>
    <name>stamp</name>
    <pose>Unspecified</pose>
    <truncated>0</truncated>
    <difficult>0</difficult>
    <bndbox>
      <xmin>1519</xmin>
      <ymin>2530</ymin>
      <xmax>1889</xmax>
      <ymax>2938</ymax>
    </bndbox>
  </object>
</annotation>