<annotation>
  <folder>input</folder>
  <filename>image (1264).png</filename>
  <path>C:\Users\Admin\OpenLabeling-master-main\main\input\image (1264).png</path>
  <source>
    <database>Unknown</database>
  </source>
  <size>
    <width>2472</width>
    <height>3484</height>
    <depth>3</depth>
  </size>
  <segmented>0</segmented>
  <object>
    <name>signature</name>
    <pose>Unspecified</pose>
    <truncated>0</truncated>
    <difficult>0</difficult>
    <bndbox>
      <xmin>286</xmin>
      <ymin>2541</ymin>
      <xmax>665</xmax>
      <ymax>2788</ymax>
    </bndbox>
  </object>
  <object>
    <name>stamp</name>
    <pose>Unspecified</pose>
    <truncated>0</truncated>
    <difficult>0</difficult>
    <bndbox>
      <xmin>744</xmin>
      <ymin>3091</ymin>
      <xmax>1091</xmax>
      <ymax>3360</ymax>
    </bndbox>
  </object>
</annotation>