<annotation>
  <folder>input</folder>
  <filename>image (1285).png</filename>
  <path>C:\Users\Admin\OpenLabeling-master-main\main\input\image (1285).png</path>
  <source>
    <database>Unknown</database>
  </source>
  <size>
    <width>2472</width>
    <height>3484</height>
    <depth>3</depth>
  </size>
  <segmented>0</segmented>
  <object>
    <name>signature</name>
    <pose>Unspecified</pose>
    <truncated>0</truncated>
    <difficult>0</difficult>
    <bndbox>
      <xmin>1946</xmin>
      <ymin>2137</ymin>
      <xmax>2109</xmax>
      <ymax>2418</ymax>
    </bndbox>
  </object>
  <object>
    <name>stamp</name>
    <pose>Unspecified</pose>
    <truncated>0</truncated>
    <difficult>0</difficult>
    <bndbox>
      <xmin>826</xmin>
      <ymin>2249</ymin>
      <xmax>1332</xmax>
      <ymax>3057</ymax>
    </bndbox>
  </object>
</annotation>