<annotation>
  <folder>input</folder>
  <filename>image (1374).png</filename>
  <path>C:\Users\Admin\OpenLabeling-master-main\main\input\image (1374).png</path>
  <source>
    <database>Unknown</database>
  </source>
  <size>
    <width>2476</width>
    <height>3480</height>
    <depth>3</depth>
  </size>
  <segmented>0</segmented>
  <object>
    <name>signature</name>
    <pose>Unspecified</pose>
    <truncated>0</truncated>
    <difficult>0</difficult>
    <bndbox>
      <xmin>306</xmin>
      <ymin>2280</ymin>
      <xmax>613</xmax>
      <ymax>2516</ymax>
    </bndbox>
  </object>
  <object>
    <name>stamp</name>
    <pose>Unspecified</pose>
    <truncated>0</truncated>
    <difficult>0</difficult>
    <bndbox>
      <xmin>1100</xmin>
      <ymin>2392</ymin>
      <xmax>1597</xmax>
      <ymax>3149</ymax>
    </bndbox>
  </object>
</annotation>