<annotation>
  <folder>input</folder>
  <filename>image (1438).png</filename>
  <path>C:\Users\Admin\OpenLabeling-master-main\main\input\image (1438).png</path>
  <source>
    <database>Unknown</database>
  </source>
  <size>
    <width>2464</width>
    <height>3480</height>
    <depth>3</depth>
  </size>
  <segmented>0</segmented>
  <object>
    <name>signature</name>
    <pose>Unspecified</pose>
    <truncated>0</truncated>
    <difficult>0</difficult>
    <bndbox>
      <xmin>964</xmin>
      <ymin>2381</ymin>
      <xmax>1446</xmax>
      <ymax>2768</ymax>
    </bndbox>
  </object>
  <object>
    <name>stamp</name>
    <pose>Unspecified</pose>
    <truncated>0</truncated>
    <difficult>0</difficult>
    <bndbox>
      <xmin>200</xmin>
      <ymin>2325</ymin>
      <xmax>498</xmax>
      <ymax>2785</ymax>
    </bndbox>
  </object>
</annotation>