<annotation>
  <folder>input</folder>
  <filename>image (1156).png</filename>
  <path>C:\Users\Admin\OpenLabeling-master-main\main\input\image (1156).png</path>
  <source>
    <database>Unknown</database>
  </source>
  <size>
    <width>2476</width>
    <height>3480</height>
    <depth>3</depth>
  </size>
  <segmented>0</segmented>
  <object>
    <name>signature</name>
    <pose>Unspecified</pose>
    <truncated>0</truncated>
    <difficult>0</difficult>
    <bndbox>
      <xmin>1495</xmin>
      <ymin>2482</ymin>
      <xmax>1660</xmax>
      <ymax>2656</ymax>
    </bndbox>
  </object>
  <object>
    <name>stamp</name>
    <pose>Unspecified</pose>
    <truncated>0</truncated>
    <difficult>0</difficult>
    <bndbox>
      <xmin>1962</xmin>
      <ymin>2476</ymin>
      <xmax>2270</xmax>
      <ymax>2902</ymax>
    </bndbox>
  </object>
</annotation>