<annotation>
  <folder>input</folder>
  <filename>image (122).png</filename>
  <path>C:\Users\Admin\OpenLabeling-master-main\main\input\image (122).png</path>
  <source>
    <database>Unknown</database>
  </source>
  <size>
    <width>2480</width>
    <height>3480</height>
    <depth>3</depth>
  </size>
  <segmented>0</segmented>
  <object>
    <name>signature</name>
    <pose>Unspecified</pose>
    <truncated>0</truncated>
    <difficult>0</difficult>
    <bndbox>
      <xmin>267</xmin>
      <ymin>2359</ymin>
      <xmax>649</xmax>
      <ymax>2594</ymax>
    </bndbox>
  </object>
  <object>
    <name>stamp</name>
    <pose>Unspecified</pose>
    <truncated>0</truncated>
    <difficult>0</difficult>
    <bndbox>
      <xmin>1940</xmin>
      <ymin>1092</ymin>
      <xmax>2272</xmax>
      <ymax>1585</ymax>
    </bndbox>
  </object>
</annotation>