<annotation>
  <folder>input</folder>
  <filename>image (1295).png</filename>
  <path>C:\Users\Admin\OpenLabeling-master-main\main\input\image (1295).png</path>
  <source>
    <database>Unknown</database>
  </source>
  <size>
    <width>2476</width>
    <height>3480</height>
    <depth>3</depth>
  </size>
  <segmented>0</segmented>
  <object>
    <name>signature</name>
    <pose>Unspecified</pose>
    <truncated>0</truncated>
    <difficult>0</difficult>
    <bndbox>
      <xmin>1742</xmin>
      <ymin>2163</ymin>
      <xmax>2207</xmax>
      <ymax>2432</ymax>
    </bndbox>
  </object>
  <object>
    <name>stamp</name>
    <pose>Unspecified</pose>
    <truncated>0</truncated>
    <difficult>0</difficult>
    <bndbox>
      <xmin>771</xmin>
      <ymin>2079</ymin>
      <xmax>1306</xmax>
      <ymax>2846</ymax>
    </bndbox>
  </object>
</annotation>