<annotation>
  <folder>input</folder>
  <filename>image (1142).png</filename>
  <path>C:\Users\Admin\OpenLabeling-master-main\main\input\image (1142).png</path>
  <source>
    <database>Unknown</database>
  </source>
  <size>
    <width>2476</width>
    <height>3484</height>
    <depth>3</depth>
  </size>
  <segmented>0</segmented>
  <object>
    <name>signature</name>
    <pose>Unspecified</pose>
    <truncated>0</truncated>
    <difficult>0</difficult>
    <bndbox>
      <xmin>1728</xmin>
      <ymin>2446</ymin>
      <xmax>2145</xmax>
      <ymax>2676</ymax>
    </bndbox>
  </object>
  <object>
    <name>stamp</name>
    <pose>Unspecified</pose>
    <truncated>0</truncated>
    <difficult>0</difficult>
    <bndbox>
      <xmin>1250</xmin>
      <ymin>2446</ymin>
      <xmax>1586</xmax>
      <ymax>2934</ymax>
    </bndbox>
  </object>
</annotation>