<annotation>
  <folder>input</folder>
  <filename>image (1000).png</filename>
  <path>C:\Users\Admin\OpenLabeling-master-main\main\input\image (1000).png</path>
  <source>
    <database>Unknown</database>
  </source>
  <size>
    <width>2468</width>
    <height>3480</height>
    <depth>3</depth>
  </size>
  <segmented>0</segmented>
  <object>
    <name>signature</name>
    <pose>Unspecified</pose>
    <truncated>0</truncated>
    <difficult>0</difficult>
    <bndbox>
      <xmin>1767</xmin>
      <ymin>2376</ymin>
      <xmax>2265</xmax>
      <ymax>2661</ymax>
    </bndbox>
  </object>
  <object>
    <name>stamp</name>
    <pose>Unspecified</pose>
    <truncated>0</truncated>
    <difficult>0</difficult>
    <bndbox>
      <xmin>1319</xmin>
      <ymin>2751</ymin>
      <xmax>1898</xmax>
      <ymax>3283</ymax>
    </bndbox>
  </object>
</annotation>