<annotation>
  <folder>input</folder>
  <filename>image (1318).png</filename>
  <path>C:\Users\Admin\OpenLabeling-master-main\main\input\image (1318).png</path>
  <source>
    <database>Unknown</database>
  </source>
  <size>
    <width>2468</width>
    <height>3480</height>
    <depth>3</depth>
  </size>
  <segmented>0</segmented>
  <object>
    <name>signature</name>
    <pose>Unspecified</pose>
    <truncated>0</truncated>
    <difficult>0</difficult>
    <bndbox>
      <xmin>1972</xmin>
      <ymin>2426</ymin>
      <xmax>2230</xmax>
      <ymax>2639</ymax>
    </bndbox>
  </object>
  <object>
    <name>stamp</name>
    <pose>Unspecified</pose>
    <truncated>0</truncated>
    <difficult>0</difficult>
    <bndbox>
      <xmin>1329</xmin>
      <ymin>2247</ymin>
      <xmax>1624</xmax>
      <ymax>2874</ymax>
    </bndbox>
  </object>
</annotation>