<annotation>
  <folder>input</folder>
  <filename>image (1429).png</filename>
  <path>C:\Users\Admin\OpenLabeling-master-main\main\input\image (1429).png</path>
  <source>
    <database>Unknown</database>
  </source>
  <size>
    <width>2480</width>
    <height>3480</height>
    <depth>3</depth>
  </size>
  <segmented>0</segmented>
  <object>
    <name>signature</name>
    <pose>Unspecified</pose>
    <truncated>0</truncated>
    <difficult>0</difficult>
    <bndbox>
      <xmin>1660</xmin>
      <ymin>2661</ymin>
      <xmax>1838</xmax>
      <ymax>3031</ymax>
    </bndbox>
  </object>
  <object>
    <name>stamp</name>
    <pose>Unspecified</pose>
    <truncated>0</truncated>
    <difficult>0</difficult>
    <bndbox>
      <xmin>1129</xmin>
      <ymin>2560</ymin>
      <xmax>1423</xmax>
      <ymax>3042</ymax>
    </bndbox>
  </object>
</annotation>