<annotation>
  <folder>input</folder>
  <filename>image (1009).png</filename>
  <path>C:\Users\Admin\OpenLabeling-master-main\main\input\image (1009).png</path>
  <source>
    <database>Unknown</database>
  </source>
  <size>
    <width>2476</width>
    <height>3472</height>
    <depth>3</depth>
  </size>
  <segmented>0</segmented>
  <object>
    <name>signature</name>
    <pose>Unspecified</pose>
    <truncated>0</truncated>
    <difficult>0</difficult>
    <bndbox>
      <xmin>1902</xmin>
      <ymin>2398</ymin>
      <xmax>2065</xmax>
      <ymax>2650</ymax>
    </bndbox>
  </object>
  <object>
    <name>stamp</name>
    <pose>Unspecified</pose>
    <truncated>0</truncated>
    <difficult>0</difficult>
    <bndbox>
      <xmin>867</xmin>
      <ymin>2392</ymin>
      <xmax>1419</xmax>
      <ymax>2991</ymax>
    </bndbox>
  </object>
</annotation>