<annotation>
  <folder>input</folder>
  <filename>image (1250).png</filename>
  <path>C:\Users\Admin\OpenLabeling-master-main\main\input\image (1250).png</path>
  <source>
    <database>Unknown</database>
  </source>
  <size>
    <width>2472</width>
    <height>3476</height>
    <depth>3</depth>
  </size>
  <segmented>0</segmented>
  <object>
    <name>signature</name>
    <pose>Unspecified</pose>
    <truncated>0</truncated>
    <difficult>0</difficult>
    <bndbox>
      <xmin>248</xmin>
      <ymin>2110</ymin>
      <xmax>737</xmax>
      <ymax>2350</ymax>
    </bndbox>
  </object>
  <object>
    <name>stamp</name>
    <pose>Unspecified</pose>
    <truncated>0</truncated>
    <difficult>0</difficult>
    <bndbox>
      <xmin>714</xmin>
      <ymin>2597</ymin>
      <xmax>1056</xmax>
      <ymax>2921</ymax>
    </bndbox>
  </object>
</annotation>