<annotation>
  <folder>input</folder>
  <filename>image (1322).png</filename>
  <path>C:\Users\Admin\OpenLabeling-master-main\main\input\image (1322).png</path>
  <source>
    <database>Unknown</database>
  </source>
  <size>
    <width>2476</width>
    <height>3484</height>
    <depth>3</depth>
  </size>
  <segmented>0</segmented>
  <object>
    <name>signature</name>
    <pose>Unspecified</pose>
    <truncated>0</truncated>
    <difficult>0</difficult>
    <bndbox>
      <xmin>1982</xmin>
      <ymin>2586</ymin>
      <xmax>2223</xmax>
      <ymax>2782</ymax>
    </bndbox>
  </object>
  <object>
    <name>stamp</name>
    <pose>Unspecified</pose>
    <truncated>0</truncated>
    <difficult>0</difficult>
    <bndbox>
      <xmin>1490</xmin>
      <ymin>2350</ymin>
      <xmax>1809</xmax>
      <ymax>2866</ymax>
    </bndbox>
  </object>
</annotation>