<annotation>
  <folder>input</folder>
  <filename>image (1222).png</filename>
  <path>C:\Users\Admin\OpenLabeling-master-main\main\input\image (1222).png</path>
  <source>
    <database>Unknown</database>
  </source>
  <size>
    <width>2468</width>
    <height>3484</height>
    <depth>3</depth>
  </size>
  <segmented>0</segmented>
  <object>
    <name>signature</name>
    <pose>Unspecified</pose>
    <truncated>0</truncated>
    <difficult>0</difficult>
    <bndbox>
      <xmin>1449</xmin>
      <ymin>2064</ymin>
      <xmax>1887</xmax>
      <ymax>2350</ymax>
    </bndbox>
  </object>
  <object>
    <name>stamp</name>
    <pose>Unspecified</pose>
    <truncated>0</truncated>
    <difficult>0</difficult>
    <bndbox>
      <xmin>1740</xmin>
      <ymin>2277</ymin>
      <xmax>2131</xmax>
      <ymax>2648</ymax>
    </bndbox>
  </object>
</annotation>