<annotation>
  <folder>input</folder>
  <filename>image (1344).png</filename>
  <path>C:\Users\Admin\OpenLabeling-master-main\main\input\image (1344).png</path>
  <source>
    <database>Unknown</database>
  </source>
  <size>
    <width>2472</width>
    <height>3480</height>
    <depth>3</depth>
  </size>
  <segmented>0</segmented>
  <object>
    <name>signature</name>
    <pose>Unspecified</pose>
    <truncated>0</truncated>
    <difficult>0</difficult>
    <bndbox>
      <xmin>2008</xmin>
      <ymin>2314</ymin>
      <xmax>2149</xmax>
      <ymax>2504</ymax>
    </bndbox>
  </object>
  <object>
    <name>stamp</name>
    <pose>Unspecified</pose>
    <truncated>0</truncated>
    <difficult>0</difficult>
    <bndbox>
      <xmin>578</xmin>
      <ymin>2129</ymin>
      <xmax>1081</xmax>
      <ymax>2885</ymax>
    </bndbox>
  </object>
</annotation>