<annotation>
  <folder>input</folder>
  <filename>image (1127).png</filename>
  <path>C:\Users\Admin\OpenLabeling-master-main\main\input\image (1127).png</path>
  <source>
    <database>Unknown</database>
  </source>
  <size>
    <width>2468</width>
    <height>3480</height>
    <depth>3</depth>
  </size>
  <segmented>0</segmented>
  <object>
    <name>signature</name>
    <pose>Unspecified</pose>
    <truncated>0</truncated>
    <difficult>0</difficult>
    <bndbox>
      <xmin>1650</xmin>
      <ymin>2516</ymin>
      <xmax>2203</xmax>
      <ymax>2717</ymax>
    </bndbox>
  </object>
  <object>
    <name>stamp</name>
    <pose>Unspecified</pose>
    <truncated>0</truncated>
    <difficult>0</difficult>
    <bndbox>
      <xmin>1358</xmin>
      <ymin>2650</ymin>
      <xmax>1738</xmax>
      <ymax>3211</ymax>
    </bndbox>
  </object>
</annotation>