<annotation>
  <folder>input</folder>
  <filename>image (1384).png</filename>
  <path>C:\Users\Admin\OpenLabeling-master-main\main\input\image (1384).png</path>
  <source>
    <database>Unknown</database>
  </source>
  <size>
    <width>2468</width>
    <height>3480</height>
    <depth>3</depth>
  </size>
  <segmented>0</segmented>
  <object>
    <name>signature</name>
    <pose>Unspecified</pose>
    <truncated>0</truncated>
    <difficult>0</difficult>
    <bndbox>
      <xmin>1651</xmin>
      <ymin>2667</ymin>
      <xmax>1874</xmax>
      <ymax>2891</ymax>
    </bndbox>
  </object>
  <object>
    <name>stamp</name>
    <pose>Unspecified</pose>
    <truncated>0</truncated>
    <difficult>0</difficult>
    <bndbox>
      <xmin>868</xmin>
      <ymin>2779</ymin>
      <xmax>1172</xmax>
      <ymax>3239</ymax>
    </bndbox>
  </object>
</annotation>