<annotation>
  <folder>input</folder>
  <filename>image (1002).png</filename>
  <path>C:\Users\Admin\OpenLabeling-master-main\main\input\image (1002).png</path>
  <source>
    <database>Unknown</database>
  </source>
  <size>
    <width>2468</width>
    <height>3480</height>
    <depth>3</depth>
  </size>
  <segmented>0</segmented>
  <object>
    <name>signature</name>
    <pose>Unspecified</pose>
    <truncated>0</truncated>
    <difficult>0</difficult>
    <bndbox>
      <xmin>1731</xmin>
      <ymin>2280</ymin>
      <xmax>2149</xmax>
      <ymax>2611</ymax>
    </bndbox>
  </object>
  <object>
    <name>stamp</name>
    <pose>Unspecified</pose>
    <truncated>0</truncated>
    <difficult>0</difficult>
    <bndbox>
      <xmin>1018</xmin>
      <ymin>2359</ymin>
      <xmax>1498</xmax>
      <ymax>2986</ymax>
    </bndbox>
  </object>
</annotation>