<annotation>
  <folder>input</folder>
  <filename>image (1016).png</filename>
  <path>C:\Users\Admin\OpenLabeling-master-main\main\input\image (1016).png</path>
  <source>
    <database>Unknown</database>
  </source>
  <size>
    <width>2476</width>
    <height>3476</height>
    <depth>3</depth>
  </size>
  <segmented>0</segmented>
  <object>
    <name>signature</name>
    <pose>Unspecified</pose>
    <truncated>0</truncated>
    <difficult>0</difficult>
    <bndbox>
      <xmin>1800</xmin>
      <ymin>2350</ymin>
      <xmax>2165</xmax>
      <ymax>2653</ymax>
    </bndbox>
  </object>
  <object>
    <name>stamp</name>
    <pose>Unspecified</pose>
    <truncated>0</truncated>
    <difficult>0</difficult>
    <bndbox>
      <xmin>987</xmin>
      <ymin>2479</ymin>
      <xmax>1517</xmax>
      <ymax>3117</ymax>
    </bndbox>
  </object>
</annotation>