<annotation>
  <folder>input</folder>
  <filename>image (1252).png</filename>
  <path>C:\Users\Admin\OpenLabeling-master-main\main\input\image (1252).png</path>
  <source>
    <database>Unknown</database>
  </source>
  <size>
    <width>2468</width>
    <height>3480</height>
    <depth>3</depth>
  </size>
  <segmented>0</segmented>
  <object>
    <name>signature</name>
    <pose>Unspecified</pose>
    <truncated>0</truncated>
    <difficult>0</difficult>
    <bndbox>
      <xmin>322</xmin>
      <ymin>2129</ymin>
      <xmax>814</xmax>
      <ymax>2398</ymax>
    </bndbox>
  </object>
  <object>
    <name>stamp</name>
    <pose>Unspecified</pose>
    <truncated>0</truncated>
    <difficult>0</difficult>
    <bndbox>
      <xmin>814</xmin>
      <ymin>2605</ymin>
      <xmax>1168</xmax>
      <ymax>2953</ymax>
    </bndbox>
  </object>
</annotation>