<annotation>
  <folder>input</folder>
  <filename>image (1015).png</filename>
  <path>C:\Users\Admin\OpenLabeling-master-main\main\input\image (1015).png</path>
  <source>
    <database>Unknown</database>
  </source>
  <size>
    <width>2480</width>
    <height>3476</height>
    <depth>3</depth>
  </size>
  <segmented>0</segmented>
  <object>
    <name>signature</name>
    <pose>Unspecified</pose>
    <truncated>0</truncated>
    <difficult>0</difficult>
    <bndbox>
      <xmin>1952</xmin>
      <ymin>2496</ymin>
      <xmax>2180</xmax>
      <ymax>2804</ymax>
    </bndbox>
  </object>
  <object>
    <name>stamp</name>
    <pose>Unspecified</pose>
    <truncated>0</truncated>
    <difficult>0</difficult>
    <bndbox>
      <xmin>990</xmin>
      <ymin>2597</ymin>
      <xmax>1510</xmax>
      <ymax>3285</ymax>
    </bndbox>
  </object>
</annotation>