<annotation>
  <folder>input</folder>
  <filename>image (118).png</filename>
  <path>C:\Users\Admin\OpenLabeling-master-main\main\input\image (118).png</path>
  <source>
    <database>Unknown</database>
  </source>
  <size>
    <width>2476</width>
    <height>3480</height>
    <depth>3</depth>
  </size>
  <segmented>0</segmented>
  <object>
    <name>signature</name>
    <pose>Unspecified</pose>
    <truncated>0</truncated>
    <difficult>0</difficult>
    <bndbox>
      <xmin>265</xmin>
      <ymin>2420</ymin>
      <xmax>731</xmax>
      <ymax>2656</ymax>
    </bndbox>
  </object>
  <object>
    <name>stamp</name>
    <pose>Unspecified</pose>
    <truncated>0</truncated>
    <difficult>0</difficult>
    <bndbox>
      <xmin>1395</xmin>
      <ymin>2325</ymin>
      <xmax>1717</xmax>
      <ymax>2751</ymax>
    </bndbox>
  </object>
</annotation>