<annotation>
  <folder>input</folder>
  <filename>image (1165).png</filename>
  <path>C:\Users\Admin\OpenLabeling-master-main\main\input\image (1165).png</path>
  <source>
    <database>Unknown</database>
  </source>
  <size>
    <width>2468</width>
    <height>3484</height>
    <depth>3</depth>
  </size>
  <segmented>0</segmented>
  <object>
    <name>signature</name>
    <pose>Unspecified</pose>
    <truncated>0</truncated>
    <difficult>0</difficult>
    <bndbox>
      <xmin>1472</xmin>
      <ymin>2519</ymin>
      <xmax>1688</xmax>
      <ymax>2709</ymax>
    </bndbox>
  </object>
  <object>
    <name>stamp</name>
    <pose>Unspecified</pose>
    <truncated>0</truncated>
    <difficult>0</difficult>
    <bndbox>
      <xmin>1894</xmin>
      <ymin>2457</ymin>
      <xmax>2207</xmax>
      <ymax>2889</ymax>
    </bndbox>
  </object>
</annotation>