<annotation>
  <folder>input</folder>
  <filename>image (1327).png</filename>
  <path>C:\Users\Admin\OpenLabeling-master-main\main\input\image (1327).png</path>
  <source>
    <database>Unknown</database>
  </source>
  <size>
    <width>2476</width>
    <height>3484</height>
    <depth>3</depth>
  </size>
  <segmented>0</segmented>
  <object>
    <name>signature</name>
    <pose>Unspecified</pose>
    <truncated>0</truncated>
    <difficult>0</difficult>
    <bndbox>
      <xmin>1994</xmin>
      <ymin>2485</ymin>
      <xmax>2229</xmax>
      <ymax>2749</ymax>
    </bndbox>
  </object>
  <object>
    <name>stamp</name>
    <pose>Unspecified</pose>
    <truncated>0</truncated>
    <difficult>0</difficult>
    <bndbox>
      <xmin>1973</xmin>
      <ymin>3012</ymin>
      <xmax>2272</xmax>
      <ymax>3444</ymax>
    </bndbox>
  </object>
</annotation>