<annotation>
  <folder>input</folder>
  <filename>image (1168).png</filename>
  <path>C:\Users\Admin\OpenLabeling-master-main\main\input\image (1168).png</path>
  <source>
    <database>Unknown</database>
  </source>
  <size>
    <width>2468</width>
    <height>3480</height>
    <depth>3</depth>
  </size>
  <segmented>0</segmented>
  <object>
    <name>signature</name>
    <pose>Unspecified</pose>
    <truncated>0</truncated>
    <difficult>0</difficult>
    <bndbox>
      <xmin>1445</xmin>
      <ymin>2555</ymin>
      <xmax>1860</xmax>
      <ymax>2835</ymax>
    </bndbox>
  </object>
  <object>
    <name>stamp</name>
    <pose>Unspecified</pose>
    <truncated>0</truncated>
    <difficult>0</difficult>
    <bndbox>
      <xmin>875</xmin>
      <ymin>2588</ymin>
      <xmax>1179</xmax>
      <ymax>3003</ymax>
    </bndbox>
  </object>
</annotation>