<annotation>
  <folder>input</folder>
  <filename>image (1273).png</filename>
  <path>C:\Users\Admin\OpenLabeling-master-main\main\input\image (1273).png</path>
  <source>
    <database>Unknown</database>
  </source>
  <size>
    <width>2476</width>
    <height>3476</height>
    <depth>3</depth>
  </size>
  <segmented>0</segmented>
  <object>
    <name>signature</name>
    <pose>Unspecified</pose>
    <truncated>0</truncated>
    <difficult>0</difficult>
    <bndbox>
      <xmin>390</xmin>
      <ymin>2535</ymin>
      <xmax>726</xmax>
      <ymax>2759</ymax>
    </bndbox>
  </object>
  <object>
    <name>stamp</name>
    <pose>Unspecified</pose>
    <truncated>0</truncated>
    <difficult>0</difficult>
    <bndbox>
      <xmin>1007</xmin>
      <ymin>2966</ymin>
      <xmax>1370</xmax>
      <ymax>3285</ymax>
    </bndbox>
  </object>
</annotation>