<annotation>
  <folder>input</folder>
  <filename>image (1366).png</filename>
  <path>C:\Users\Admin\OpenLabeling-master-main\main\input\image (1366).png</path>
  <source>
    <database>Unknown</database>
  </source>
  <size>
    <width>2476</width>
    <height>3476</height>
    <depth>3</depth>
  </size>
  <segmented>0</segmented>
  <object>
    <name>signature</name>
    <pose>Unspecified</pose>
    <truncated>0</truncated>
    <difficult>0</difficult>
    <bndbox>
      <xmin>281</xmin>
      <ymin>2043</ymin>
      <xmax>595</xmax>
      <ymax>2289</ymax>
    </bndbox>
  </object>
  <object>
    <name>stamp</name>
    <pose>Unspecified</pose>
    <truncated>0</truncated>
    <difficult>0</difficult>
    <bndbox>
      <xmin>128</xmin>
      <ymin>2390</ymin>
      <xmax>805</xmax>
      <ymax>3044</ymax>
    </bndbox>
  </object>
</annotation>