<annotation>
  <folder>input</folder>
  <filename>image (1004).png</filename>
  <path>C:\Users\Admin\OpenLabeling-master-main\main\input\image (1004).png</path>
  <source>
    <database>Unknown</database>
  </source>
  <size>
    <width>2480</width>
    <height>3480</height>
    <depth>3</depth>
  </size>
  <segmented>0</segmented>
  <object>
    <name>signature</name>
    <pose>Unspecified</pose>
    <truncated>0</truncated>
    <difficult>0</difficult>
    <bndbox>
      <xmin>1874</xmin>
      <ymin>2600</ymin>
      <xmax>2145</xmax>
      <ymax>2829</ymax>
    </bndbox>
  </object>
  <object>
    <name>stamp</name>
    <pose>Unspecified</pose>
    <truncated>0</truncated>
    <difficult>0</difficult>
    <bndbox>
      <xmin>1574</xmin>
      <ymin>2953</ymin>
      <xmax>2149</xmax>
      <ymax>3390</ymax>
    </bndbox>
  </object>
</annotation>