<annotation>
  <folder>input</folder>
  <filename>image (1104).png</filename>
  <path>C:\Users\Admin\OpenLabeling-master-main\main\input\image (1104).png</path>
  <source>
    <database>Unknown</database>
  </source>
  <size>
    <width>2480</width>
    <height>3484</height>
    <depth>3</depth>
  </size>
  <segmented>0</segmented>
  <object>
    <name>signature</name>
    <pose>Unspecified</pose>
    <truncated>0</truncated>
    <difficult>0</difficult>
    <bndbox>
      <xmin>1569</xmin>
      <ymin>2109</ymin>
      <xmax>1907</xmax>
      <ymax>2507</ymax>
    </bndbox>
  </object>
  <object>
    <name>stamp</name>
    <pose>Unspecified</pose>
    <truncated>0</truncated>
    <difficult>0</difficult>
    <bndbox>
      <xmin>1238</xmin>
      <ymin>2322</ymin>
      <xmax>1507</xmax>
      <ymax>2788</ymax>
    </bndbox>
  </object>
</annotation>