<annotation>
  <folder>input</folder>
  <filename>image (1149).png</filename>
  <path>C:\Users\Admin\OpenLabeling-master-main\main\input\image (1149).png</path>
  <source>
    <database>Unknown</database>
  </source>
  <size>
    <width>2468</width>
    <height>3480</height>
    <depth>3</depth>
  </size>
  <segmented>0</segmented>
  <object>
    <name>signature</name>
    <pose>Unspecified</pose>
    <truncated>0</truncated>
    <difficult>0</difficult>
    <bndbox>
      <xmin>1856</xmin>
      <ymin>2308</ymin>
      <xmax>2082</xmax>
      <ymax>2600</ymax>
    </bndbox>
  </object>
  <object>
    <name>stamp</name>
    <pose>Unspecified</pose>
    <truncated>0</truncated>
    <difficult>0</difficult>
    <bndbox>
      <xmin>911</xmin>
      <ymin>2342</ymin>
      <xmax>1290</xmax>
      <ymax>2874</ymax>
    </bndbox>
  </object>
</annotation>