<annotation>
  <folder>input</folder>
  <filename>image (1308).png</filename>
  <path>C:\Users\Admin\OpenLabeling-master-main\main\input\image (1308).png</path>
  <source>
    <database>Unknown</database>
  </source>
  <size>
    <width>2476</width>
    <height>3476</height>
    <depth>3</depth>
  </size>
  <segmented>0</segmented>
  <object>
    <name>signature</name>
    <pose>Unspecified</pose>
    <truncated>0</truncated>
    <difficult>0</difficult>
    <bndbox>
      <xmin>1722</xmin>
      <ymin>2384</ymin>
      <xmax>2359</xmax>
      <ymax>2653</ymax>
    </bndbox>
  </object>
  <object>
    <name>stamp</name>
    <pose>Unspecified</pose>
    <truncated>0</truncated>
    <difficult>0</difficult>
    <bndbox>
      <xmin>1047</xmin>
      <ymin>2289</ymin>
      <xmax>1337</xmax>
      <ymax>2826</ymax>
    </bndbox>
  </object>
</annotation>