<annotation>
  <folder>input</folder>
  <filename>image (1355).png</filename>
  <path>C:\Users\Admin\OpenLabeling-master-main\main\input\image (1355).png</path>
  <source>
    <database>Unknown</database>
  </source>
  <size>
    <width>2476</width>
    <height>3476</height>
    <depth>3</depth>
  </size>
  <segmented>0</segmented>
  <object>
    <name>signature</name>
    <pose>Unspecified</pose>
    <truncated>0</truncated>
    <difficult>0</difficult>
    <bndbox>
      <xmin>286</xmin>
      <ymin>2339</ymin>
      <xmax>914</xmax>
      <ymax>2602</ymax>
    </bndbox>
  </object>
  <object>
    <name>stamp</name>
    <pose>Unspecified</pose>
    <truncated>0</truncated>
    <difficult>0</difficult>
    <bndbox>
      <xmin>1259</xmin>
      <ymin>2423</ymin>
      <xmax>1904</xmax>
      <ymax>3128</ymax>
    </bndbox>
  </object>
</annotation>