<annotation>
  <folder>input</folder>
  <filename>image (1356).png</filename>
  <path>C:\Users\Admin\OpenLabeling-master-main\main\input\image (1356).png</path>
  <source>
    <database>Unknown</database>
  </source>
  <size>
    <width>2472</width>
    <height>3480</height>
    <depth>3</depth>
  </size>
  <segmented>0</segmented>
  <object>
    <name>signature</name>
    <pose>Unspecified</pose>
    <truncated>0</truncated>
    <difficult>0</difficult>
    <bndbox>
      <xmin>268</xmin>
      <ymin>2617</ymin>
      <xmax>643</xmax>
      <ymax>2874</ymax>
    </bndbox>
  </object>
  <object>
    <name>stamp</name>
    <pose>Unspecified</pose>
    <truncated>0</truncated>
    <difficult>0</difficult>
    <bndbox>
      <xmin>1281</xmin>
      <ymin>2633</ymin>
      <xmax>1922</xmax>
      <ymax>3267</ymax>
    </bndbox>
  </object>
</annotation>