<annotation>
  <folder>input</folder>
  <filename>image (1132).png</filename>
  <path>C:\Users\Admin\OpenLabeling-master-main\main\input\image (1132).png</path>
  <source>
    <database>Unknown</database>
  </source>
  <size>
    <width>2468</width>
    <height>3484</height>
    <depth>3</depth>
  </size>
  <segmented>0</segmented>
  <object>
    <name>signature</name>
    <pose>Unspecified</pose>
    <truncated>0</truncated>
    <difficult>0</difficult>
    <bndbox>
      <xmin>1530</xmin>
      <ymin>2934</ymin>
      <xmax>1776</xmax>
      <ymax>3136</ymax>
    </bndbox>
  </object>
  <object>
    <name>stamp</name>
    <pose>Unspecified</pose>
    <truncated>0</truncated>
    <difficult>0</difficult>
    <bndbox>
      <xmin>522</xmin>
      <ymin>2838</ymin>
      <xmax>892</xmax>
      <ymax>3360</ymax>
    </bndbox>
  </object>
</annotation>