<annotation>
  <folder>input</folder>
  <filename>image (1424).png</filename>
  <path>C:\Users\Admin\OpenLabeling-master-main\main\input\image (1424).png</path>
  <source>
    <database>Unknown</database>
  </source>
  <size>
    <width>2472</width>
    <height>3484</height>
    <depth>3</depth>
  </size>
  <segmented>0</segmented>
  <object>
    <name>signature</name>
    <pose>Unspecified</pose>
    <truncated>0</truncated>
    <difficult>0</difficult>
    <bndbox>
      <xmin>735</xmin>
      <ymin>2524</ymin>
      <xmax>1043</xmax>
      <ymax>2782</ymax>
    </bndbox>
  </object>
  <object>
    <name>stamp</name>
    <pose>Unspecified</pose>
    <truncated>0</truncated>
    <difficult>0</difficult>
    <bndbox>
      <xmin>701</xmin>
      <ymin>2737</ymin>
      <xmax>1007</xmax>
      <ymax>3080</ymax>
    </bndbox>
  </object>
</annotation>