<annotation>
  <folder>input</folder>
  <filename>image (1047).png</filename>
  <path>C:\Users\Admin\OpenLabeling-master-main\main\input\image (1047).png</path>
  <source>
    <database>Unknown</database>
  </source>
  <size>
    <width>2472</width>
    <height>3476</height>
    <depth>3</depth>
  </size>
  <segmented>0</segmented>
  <object>
    <name>signature</name>
    <pose>Unspecified</pose>
    <truncated>0</truncated>
    <difficult>0</difficult>
    <bndbox>
      <xmin>1687</xmin>
      <ymin>2630</ymin>
      <xmax>2022</xmax>
      <ymax>2849</ymax>
    </bndbox>
  </object>
  <object>
    <name>stamp</name>
    <pose>Unspecified</pose>
    <truncated>0</truncated>
    <difficult>0</difficult>
    <bndbox>
      <xmin>795</xmin>
      <ymin>2541</ymin>
      <xmax>1361</xmax>
      <ymax>3134</ymax>
    </bndbox>
  </object>
</annotation>