<annotation>
  <folder>input</folder>
  <filename>image (1444).png</filename>
  <path>C:\Users\Admin\OpenLabeling-master-main\main\input\image (1444).png</path>
  <source>
    <database>Unknown</database>
  </source>
  <size>
    <width>2484</width>
    <height>3476</height>
    <depth>3</depth>
  </size>
  <segmented>0</segmented>
  <object>
    <name>signature</name>
    <pose>Unspecified</pose>
    <truncated>0</truncated>
    <difficult>0</difficult>
    <bndbox>
      <xmin>1744</xmin>
      <ymin>2294</ymin>
      <xmax>2045</xmax>
      <ymax>2574</ymax>
    </bndbox>
  </object>
  <object>
    <name>stamp</name>
    <pose>Unspecified</pose>
    <truncated>0</truncated>
    <difficult>0</difficult>
    <bndbox>
      <xmin>1101</xmin>
      <ymin>2418</ymin>
      <xmax>1431</xmax>
      <ymax>2961</ymax>
    </bndbox>
  </object>
</annotation>