<annotation>
  <folder>input</folder>
  <filename>image (1051).png</filename>
  <path>C:\Users\Admin\OpenLabeling-master-main\main\input\image (1051).png</path>
  <source>
    <database>Unknown</database>
  </source>
  <size>
    <width>2480</width>
    <height>3476</height>
    <depth>3</depth>
  </size>
  <segmented>0</segmented>
  <object>
    <name>signature</name>
    <pose>Unspecified</pose>
    <truncated>0</truncated>
    <difficult>0</difficult>
    <bndbox>
      <xmin>1741</xmin>
      <ymin>2289</ymin>
      <xmax>2061</xmax>
      <ymax>2502</ymax>
    </bndbox>
  </object>
  <object>
    <name>stamp</name>
    <pose>Unspecified</pose>
    <truncated>0</truncated>
    <difficult>0</difficult>
    <bndbox>
      <xmin>725</xmin>
      <ymin>2188</ymin>
      <xmax>1352</xmax>
      <ymax>2938</ymax>
    </bndbox>
  </object>
</annotation>