<annotation>
  <folder>input</folder>
  <filename>image (1412).png</filename>
  <path>C:\Users\Admin\OpenLabeling-master-main\main\input\image (1412).png</path>
  <source>
    <database>Unknown</database>
  </source>
  <size>
    <width>2472</width>
    <height>3476</height>
    <depth>3</depth>
  </size>
  <segmented>0</segmented>
  <object>
    <name>signature</name>
    <pose>Unspecified</pose>
    <truncated>0</truncated>
    <difficult>0</difficult>
    <bndbox>
      <xmin>956</xmin>
      <ymin>2552</ymin>
      <xmax>1308</xmax>
      <ymax>2793</ymax>
    </bndbox>
  </object>
  <object>
    <name>stamp</name>
    <pose>Unspecified</pose>
    <truncated>0</truncated>
    <difficult>0</difficult>
    <bndbox>
      <xmin>1243</xmin>
      <ymin>2709</ymin>
      <xmax>1562</xmax>
      <ymax>3140</ymax>
    </bndbox>
  </object>
</annotation>