<annotation>
  <folder>input</folder>
  <filename>image (1134).png</filename>
  <path>C:\Users\Admin\OpenLabeling-master-main\main\input\image (1134).png</path>
  <source>
    <database>Unknown</database>
  </source>
  <size>
    <width>2468</width>
    <height>3480</height>
    <depth>3</depth>
  </size>
  <segmented>0</segmented>
  <object>
    <name>signature</name>
    <pose>Unspecified</pose>
    <truncated>0</truncated>
    <difficult>0</difficult>
    <bndbox>
      <xmin>1764</xmin>
      <ymin>2314</ymin>
      <xmax>2173</xmax>
      <ymax>2527</ymax>
    </bndbox>
  </object>
  <object>
    <name>stamp</name>
    <pose>Unspecified</pose>
    <truncated>0</truncated>
    <difficult>0</difficult>
    <bndbox>
      <xmin>1727</xmin>
      <ymin>2611</ymin>
      <xmax>2113</xmax>
      <ymax>3104</ymax>
    </bndbox>
  </object>
</annotation>