<annotation>
  <folder>input</folder>
  <filename>image (1234).png</filename>
  <path>C:\Users\Admin\OpenLabeling-master-main\main\input\image (1234).png</path>
  <source>
    <database>Unknown</database>
  </source>
  <size>
    <width>2472</width>
    <height>3484</height>
    <depth>3</depth>
  </size>
  <segmented>0</segmented>
  <object>
    <name>signature</name>
    <pose>Unspecified</pose>
    <truncated>0</truncated>
    <difficult>0</difficult>
    <bndbox>
      <xmin>1582</xmin>
      <ymin>2305</ymin>
      <xmax>2067</xmax>
      <ymax>2485</ymax>
    </bndbox>
  </object>
  <object>
    <name>stamp</name>
    <pose>Unspecified</pose>
    <truncated>0</truncated>
    <difficult>0</difficult>
    <bndbox>
      <xmin>1554</xmin>
      <ymin>2485</ymin>
      <xmax>1924</xmax>
      <ymax>2894</ymax>
    </bndbox>
  </object>
</annotation>