<annotation>
  <folder>input</folder>
  <filename>image (1150).png</filename>
  <path>C:\Users\Admin\OpenLabeling-master-main\main\input\image (1150).png</path>
  <source>
    <database>Unknown</database>
  </source>
  <size>
    <width>2476</width>
    <height>3480</height>
    <depth>3</depth>
  </size>
  <segmented>0</segmented>
  <object>
    <name>signature</name>
    <pose>Unspecified</pose>
    <truncated>0</truncated>
    <difficult>0</difficult>
    <bndbox>
      <xmin>1833</xmin>
      <ymin>2633</ymin>
      <xmax>2189</xmax>
      <ymax>2863</ymax>
    </bndbox>
  </object>
  <object>
    <name>stamp</name>
    <pose>Unspecified</pose>
    <truncated>0</truncated>
    <difficult>0</difficult>
    <bndbox>
      <xmin>1178</xmin>
      <ymin>2628</ymin>
      <xmax>1542</xmax>
      <ymax>3160</ymax>
    </bndbox>
  </object>
</annotation>