<annotation>
  <folder>input</folder>
  <filename>image (1148).png</filename>
  <path>C:\Users\Admin\OpenLabeling-master-main\main\input\image (1148).png</path>
  <source>
    <database>Unknown</database>
  </source>
  <size>
    <width>2480</width>
    <height>3484</height>
    <depth>3</depth>
  </size>
  <segmented>0</segmented>
  <object>
    <name>signature</name>
    <pose>Unspecified</pose>
    <truncated>0</truncated>
    <difficult>0</difficult>
    <bndbox>
      <xmin>1901</xmin>
      <ymin>2625</ymin>
      <xmax>2214</xmax>
      <ymax>2917</ymax>
    </bndbox>
  </object>
  <object>
    <name>stamp</name>
    <pose>Unspecified</pose>
    <truncated>0</truncated>
    <difficult>0</difficult>
    <bndbox>
      <xmin>1163</xmin>
      <ymin>2389</ymin>
      <xmax>1500</xmax>
      <ymax>2805</ymax>
    </bndbox>
  </object>
</annotation>