<annotation>
  <folder>input</folder>
  <filename>image (1338).png</filename>
  <path>C:\Users\Admin\OpenLabeling-master-main\main\input\image (1338).png</path>
  <source>
    <database>Unknown</database>
  </source>
  <size>
    <width>2468</width>
    <height>3480</height>
    <depth>3</depth>
  </size>
  <segmented>0</segmented>
  <object>
    <name>signature</name>
    <pose>Unspecified</pose>
    <truncated>0</truncated>
    <difficult>0</difficult>
    <bndbox>
      <xmin>1845</xmin>
      <ymin>2499</ymin>
      <xmax>2259</xmax>
      <ymax>2706</ymax>
    </bndbox>
  </object>
  <object>
    <name>stamp</name>
    <pose>Unspecified</pose>
    <truncated>0</truncated>
    <difficult>0</difficult>
    <bndbox>
      <xmin>808</xmin>
      <ymin>2325</ymin>
      <xmax>1315</xmax>
      <ymax>2958</ymax>
    </bndbox>
  </object>
</annotation>