<annotation>
  <folder>input</folder>
  <filename>image (1345).png</filename>
  <path>C:\Users\Admin\OpenLabeling-master-main\main\input\image (1345).png</path>
  <source>
    <database>Unknown</database>
  </source>
  <size>
    <width>2472</width>
    <height>3480</height>
    <depth>3</depth>
  </size>
  <segmented>0</segmented>
  <object>
    <name>signature</name>
    <pose>Unspecified</pose>
    <truncated>0</truncated>
    <difficult>0</difficult>
    <bndbox>
      <xmin>304</xmin>
      <ymin>1972</ymin>
      <xmax>675</xmax>
      <ymax>2314</ymax>
    </bndbox>
  </object>
  <object>
    <name>stamp</name>
    <pose>Unspecified</pose>
    <truncated>0</truncated>
    <difficult>0</difficult>
    <bndbox>
      <xmin>1364</xmin>
      <ymin>1793</ymin>
      <xmax>2017</xmax>
      <ymax>2673</ymax>
    </bndbox>
  </object>
</annotation>