<annotation>
  <folder>input</folder>
  <filename>image (1306).png</filename>
  <path>C:\Users\Admin\OpenLabeling-master-main\main\input\image (1306).png</path>
  <source>
    <database>Unknown</database>
  </source>
  <size>
    <width>2472</width>
    <height>3480</height>
    <depth>3</depth>
  </size>
  <segmented>0</segmented>
  <object>
    <name>signature</name>
    <pose>Unspecified</pose>
    <truncated>0</truncated>
    <difficult>0</difficult>
    <bndbox>
      <xmin>1899</xmin>
      <ymin>2017</ymin>
      <xmax>2165</xmax>
      <ymax>2263</ymax>
    </bndbox>
  </object>
  <object>
    <name>stamp</name>
    <pose>Unspecified</pose>
    <truncated>0</truncated>
    <difficult>0</difficult>
    <bndbox>
      <xmin>920</xmin>
      <ymin>1927</ymin>
      <xmax>1321</xmax>
      <ymax>2443</ymax>
    </bndbox>
  </object>
</annotation>