<annotation>
  <folder>input</folder>
  <filename>image (1353).png</filename>
  <path>C:\Users\Admin\OpenLabeling-master-main\main\input\image (1353).png</path>
  <source>
    <database>Unknown</database>
  </source>
  <size>
    <width>2476</width>
    <height>3484</height>
    <depth>3</depth>
  </size>
  <segmented>0</segmented>
  <object>
    <name>signature</name>
    <pose>Unspecified</pose>
    <truncated>0</truncated>
    <difficult>0</difficult>
    <bndbox>
      <xmin>332</xmin>
      <ymin>1986</ymin>
      <xmax>789</xmax>
      <ymax>2289</ymax>
    </bndbox>
  </object>
  <object>
    <name>stamp</name>
    <pose>Unspecified</pose>
    <truncated>0</truncated>
    <difficult>0</difficult>
    <bndbox>
      <xmin>1178</xmin>
      <ymin>2070</ymin>
      <xmax>1822</xmax>
      <ymax>2922</ymax>
    </bndbox>
  </object>
</annotation>