<annotation>
  <folder>input</folder>
  <filename>image (1028).png</filename>
  <path>C:\Users\Admin\OpenLabeling-master-main\main\input\image (1028).png</path>
  <source>
    <database>Unknown</database>
  </source>
  <size>
    <width>2468</width>
    <height>3480</height>
    <depth>3</depth>
  </size>
  <segmented>0</segmented>
  <object>
    <name>signature</name>
    <pose>Unspecified</pose>
    <truncated>0</truncated>
    <difficult>0</difficult>
    <bndbox>
      <xmin>1601</xmin>
      <ymin>2359</ymin>
      <xmax>2021</xmax>
      <ymax>2600</ymax>
    </bndbox>
  </object>
  <object>
    <name>stamp</name>
    <pose>Unspecified</pose>
    <truncated>0</truncated>
    <difficult>0</difficult>
    <bndbox>
      <xmin>826</xmin>
      <ymin>2219</ymin>
      <xmax>1322</xmax>
      <ymax>3037</ymax>
    </bndbox>
  </object>
</annotation>