<annotation>
  <folder>input</folder>
  <filename>image (1225).png</filename>
  <path>C:\Users\Admin\OpenLabeling-master-main\main\input\image (1225).png</path>
  <source>
    <database>Unknown</database>
  </source>
  <size>
    <width>2468</width>
    <height>3480</height>
    <depth>3</depth>
  </size>
  <segmented>0</segmented>
  <object>
    <name>signature</name>
    <pose>Unspecified</pose>
    <truncated>0</truncated>
    <difficult>0</difficult>
    <bndbox>
      <xmin>1548</xmin>
      <ymin>2090</ymin>
      <xmax>1937</xmax>
      <ymax>2280</ymax>
    </bndbox>
  </object>
  <object>
    <name>stamp</name>
    <pose>Unspecified</pose>
    <truncated>0</truncated>
    <difficult>0</difficult>
    <bndbox>
      <xmin>1677</xmin>
      <ymin>2269</ymin>
      <xmax>2082</xmax>
      <ymax>2717</ymax>
    </bndbox>
  </object>
</annotation>