<annotation>
  <folder>input</folder>
  <filename>image (1126).png</filename>
  <path>C:\Users\Admin\OpenLabeling-master-main\main\input\image (1126).png</path>
  <source>
    <database>Unknown</database>
  </source>
  <size>
    <width>2476</width>
    <height>3484</height>
    <depth>3</depth>
  </size>
  <segmented>0</segmented>
  <object>
    <name>signature</name>
    <pose>Unspecified</pose>
    <truncated>0</truncated>
    <difficult>0</difficult>
    <bndbox>
      <xmin>1766</xmin>
      <ymin>2440</ymin>
      <xmax>2049</xmax>
      <ymax>2625</ymax>
    </bndbox>
  </object>
  <object>
    <name>stamp</name>
    <pose>Unspecified</pose>
    <truncated>0</truncated>
    <difficult>0</difficult>
    <bndbox>
      <xmin>1472</xmin>
      <ymin>2687</ymin>
      <xmax>1829</xmax>
      <ymax>3169</ymax>
    </bndbox>
  </object>
</annotation>