<annotation>
  <folder>input</folder>
  <filename>image (1081).png</filename>
  <path>C:\Users\Admin\OpenLabeling-master-main\main\input\image (1081).png</path>
  <source>
    <database>Unknown</database>
  </source>
  <size>
    <width>2488</width>
    <height>3504</height>
    <depth>3</depth>
  </size>
  <segmented>0</segmented>
  <object>
    <name>signature</name>
    <pose>Unspecified</pose>
    <truncated>0</truncated>
    <difficult>0</difficult>
    <bndbox>
      <xmin>1109</xmin>
      <ymin>2003</ymin>
      <xmax>1747</xmax>
      <ymax>2409</ymax>
    </bndbox>
  </object>
  <object>
    <name>stamp</name>
    <pose>Unspecified</pose>
    <truncated>0</truncated>
    <difficult>0</difficult>
    <bndbox>
      <xmin>1794</xmin>
      <ymin>1675</ymin>
      <xmax>2125</xmax>
      <ymax>2104</ymax>
    </bndbox>
  </object>
</annotation>