<annotation>
  <folder>input</folder>
  <filename>image (1337).png</filename>
  <path>C:\Users\Admin\OpenLabeling-master-main\main\input\image (1337).png</path>
  <source>
    <database>Unknown</database>
  </source>
  <size>
    <width>2468</width>
    <height>3484</height>
    <depth>3</depth>
  </size>
  <segmented>0</segmented>
  <object>
    <name>signature</name>
    <pose>Unspecified</pose>
    <truncated>0</truncated>
    <difficult>0</difficult>
    <bndbox>
      <xmin>1769</xmin>
      <ymin>2412</ymin>
      <xmax>2002</xmax>
      <ymax>2631</ymax>
    </bndbox>
  </object>
  <object>
    <name>stamp</name>
    <pose>Unspecified</pose>
    <truncated>0</truncated>
    <difficult>0</difficult>
    <bndbox>
      <xmin>741</xmin>
      <ymin>2210</ymin>
      <xmax>1244</xmax>
      <ymax>2855</ymax>
    </bndbox>
  </object>
</annotation>