<annotation>
  <folder>input</folder>
  <filename>image (1386).png</filename>
  <path>C:\Users\Admin\OpenLabeling-master-main\main\input\image (1386).png</path>
  <source>
    <database>Unknown</database>
  </source>
  <size>
    <width>2472</width>
    <height>3484</height>
    <depth>3</depth>
  </size>
  <segmented>0</segmented>
  <object>
    <name>signature</name>
    <pose>Unspecified</pose>
    <truncated>0</truncated>
    <difficult>0</difficult>
    <bndbox>
      <xmin>1567</xmin>
      <ymin>2648</ymin>
      <xmax>2232</xmax>
      <ymax>2967</ymax>
    </bndbox>
  </object>
  <object>
    <name>stamp</name>
    <pose>Unspecified</pose>
    <truncated>0</truncated>
    <difficult>0</difficult>
    <bndbox>
      <xmin>402</xmin>
      <ymin>2760</ymin>
      <xmax>714</xmax>
      <ymax>3214</ymax>
    </bndbox>
  </object>
</annotation>