<annotation>
  <folder>input</folder>
  <filename>image (1141).png</filename>
  <path>C:\Users\Admin\OpenLabeling-master-main\main\input\image (1141).png</path>
  <source>
    <database>Unknown</database>
  </source>
  <size>
    <width>2476</width>
    <height>3484</height>
    <depth>3</depth>
  </size>
  <segmented>0</segmented>
  <object>
    <name>signature</name>
    <pose>Unspecified</pose>
    <truncated>0</truncated>
    <difficult>0</difficult>
    <bndbox>
      <xmin>1807</xmin>
      <ymin>2457</ymin>
      <xmax>2067</xmax>
      <ymax>2653</ymax>
    </bndbox>
  </object>
  <object>
    <name>stamp</name>
    <pose>Unspecified</pose>
    <truncated>0</truncated>
    <difficult>0</difficult>
    <bndbox>
      <xmin>1339</xmin>
      <ymin>2552</ymin>
      <xmax>1689</xmax>
      <ymax>3018</ymax>
    </bndbox>
  </object>
</annotation>