<annotation>
  <folder>input</folder>
  <filename>image (1099).png</filename>
  <path>C:\Users\Admin\OpenLabeling-master-main\main\input\image (1099).png</path>
  <source>
    <database>Unknown</database>
  </source>
  <size>
    <width>2476</width>
    <height>3480</height>
    <depth>3</depth>
  </size>
  <segmented>0</segmented>
  <object>
    <name>signature</name>
    <pose>Unspecified</pose>
    <truncated>0</truncated>
    <difficult>0</difficult>
    <bndbox>
      <xmin>1706</xmin>
      <ymin>2275</ymin>
      <xmax>2011</xmax>
      <ymax>2577</ymax>
    </bndbox>
  </object>
  <object>
    <name>stamp</name>
    <pose>Unspecified</pose>
    <truncated>0</truncated>
    <difficult>0</difficult>
    <bndbox>
      <xmin>920</xmin>
      <ymin>2039</ymin>
      <xmax>1239</xmax>
      <ymax>2471</ymax>
    </bndbox>
  </object>
</annotation>