<annotation>
  <folder>input</folder>
  <filename>image (1179).png</filename>
  <path>C:\Users\Admin\OpenLabeling-master-main\main\input\image (1179).png</path>
  <source>
    <database>Unknown</database>
  </source>
  <size>
    <width>2472</width>
    <height>3480</height>
    <depth>3</depth>
  </size>
  <segmented>0</segmented>
  <object>
    <name>signature</name>
    <pose>Unspecified</pose>
    <truncated>0</truncated>
    <difficult>0</difficult>
    <bndbox>
      <xmin>1406</xmin>
      <ymin>2885</ymin>
      <xmax>1663</xmax>
      <ymax>3132</ymax>
    </bndbox>
  </object>
  <object>
    <name>stamp</name>
    <pose>Unspecified</pose>
    <truncated>0</truncated>
    <difficult>0</difficult>
    <bndbox>
      <xmin>1047</xmin>
      <ymin>2807</ymin>
      <xmax>1337</xmax>
      <ymax>3250</ymax>
    </bndbox>
  </object>
</annotation>