<annotation>
  <folder>input</folder>
  <filename>image (1213).png</filename>
  <path>C:\Users\Admin\OpenLabeling-master-main\main\input\image (1213).png</path>
  <source>
    <database>Unknown</database>
  </source>
  <size>
    <width>2468</width>
    <height>3484</height>
    <depth>3</depth>
  </size>
  <segmented>0</segmented>
  <object>
    <name>signature</name>
    <pose>Unspecified</pose>
    <truncated>0</truncated>
    <difficult>0</difficult>
    <bndbox>
      <xmin>256</xmin>
      <ymin>2418</ymin>
      <xmax>472</xmax>
      <ymax>2659</ymax>
    </bndbox>
  </object>
  <object>
    <name>stamp</name>
    <pose>Unspecified</pose>
    <truncated>0</truncated>
    <difficult>0</difficult>
    <bndbox>
      <xmin>1557</xmin>
      <ymin>1032</ymin>
      <xmax>1814</xmax>
      <ymax>1542</ymax>
    </bndbox>
  </object>
</annotation>