<annotation>
  <folder>input</folder>
  <filename>image (1395).png</filename>
  <path>C:\Users\Admin\OpenLabeling-master-main\main\input\image (1395).png</path>
  <source>
    <database>Unknown</database>
  </source>
  <size>
    <width>2472</width>
    <height>3480</height>
    <depth>3</depth>
  </size>
  <segmented>0</segmented>
  <object>
    <name>signature</name>
    <pose>Unspecified</pose>
    <truncated>0</truncated>
    <difficult>0</difficult>
    <bndbox>
      <xmin>1616</xmin>
      <ymin>2695</ymin>
      <xmax>2053</xmax>
      <ymax>2953</ymax>
    </bndbox>
  </object>
  <object>
    <name>stamp</name>
    <pose>Unspecified</pose>
    <truncated>0</truncated>
    <difficult>0</difficult>
    <bndbox>
      <xmin>947</xmin>
      <ymin>2768</ymin>
      <xmax>1293</xmax>
      <ymax>3239</ymax>
    </bndbox>
  </object>
</annotation>