<annotation>
  <folder>input</folder>
  <filename>image (1221).png</filename>
  <path>C:\Users\Admin\OpenLabeling-master-main\main\input\image (1221).png</path>
  <source>
    <database>Unknown</database>
  </source>
  <size>
    <width>2476</width>
    <height>3480</height>
    <depth>3</depth>
  </size>
  <segmented>0</segmented>
  <object>
    <name>signature</name>
    <pose>Unspecified</pose>
    <truncated>0</truncated>
    <difficult>0</difficult>
    <bndbox>
      <xmin>1639</xmin>
      <ymin>2258</ymin>
      <xmax>2112</xmax>
      <ymax>2482</ymax>
    </bndbox>
  </object>
  <object>
    <name>stamp</name>
    <pose>Unspecified</pose>
    <truncated>0</truncated>
    <difficult>0</difficult>
    <bndbox>
      <xmin>1170</xmin>
      <ymin>2622</ymin>
      <xmax>1537</xmax>
      <ymax>3042</ymax>
    </bndbox>
  </object>
</annotation>