<annotation>
  <folder>input</folder>
  <filename>image (1199).png</filename>
  <path>C:\Users\Admin\OpenLabeling-master-main\main\input\image (1199).png</path>
  <source>
    <database>Unknown</database>
  </source>
  <size>
    <width>2476</width>
    <height>3472</height>
    <depth>3</depth>
  </size>
  <segmented>0</segmented>
  <object>
    <name>signature</name>
    <pose>Unspecified</pose>
    <truncated>0</truncated>
    <difficult>0</difficult>
    <bndbox>
      <xmin>277</xmin>
      <ymin>2297</ymin>
      <xmax>548</xmax>
      <ymax>2571</ymax>
    </bndbox>
  </object>
  <object>
    <name>stamp</name>
    <pose>Unspecified</pose>
    <truncated>0</truncated>
    <difficult>0</difficult>
    <bndbox>
      <xmin>1386</xmin>
      <ymin>2605</ymin>
      <xmax>1613</xmax>
      <ymax>3069</ymax>
    </bndbox>
  </object>
</annotation>