<annotation>
  <folder>input</folder>
  <filename>image (1232).png</filename>
  <path>C:\Users\Admin\OpenLabeling-master-main\main\input\image (1232).png</path>
  <source>
    <database>Unknown</database>
  </source>
  <size>
    <width>2472</width>
    <height>3480</height>
    <depth>3</depth>
  </size>
  <segmented>0</segmented>
  <object>
    <name>signature</name>
    <pose>Unspecified</pose>
    <truncated>0</truncated>
    <difficult>0</difficult>
    <bndbox>
      <xmin>1583</xmin>
      <ymin>2359</ymin>
      <xmax>2093</xmax>
      <ymax>2588</ymax>
    </bndbox>
  </object>
  <object>
    <name>stamp</name>
    <pose>Unspecified</pose>
    <truncated>0</truncated>
    <difficult>0</difficult>
    <bndbox>
      <xmin>1580</xmin>
      <ymin>2628</ymin>
      <xmax>1982</xmax>
      <ymax>2998</ymax>
    </bndbox>
  </object>
</annotation>