<annotation>
  <folder>input</folder>
  <filename>image (1042).png</filename>
  <path>C:\Users\Admin\OpenLabeling-master-main\main\input\image (1042).png</path>
  <source>
    <database>Unknown</database>
  </source>
  <size>
    <width>2480</width>
    <height>3484</height>
    <depth>3</depth>
  </size>
  <segmented>0</segmented>
  <object>
    <name>signature</name>
    <pose>Unspecified</pose>
    <truncated>0</truncated>
    <difficult>0</difficult>
    <bndbox>
      <xmin>1621</xmin>
      <ymin>2479</ymin>
      <xmax>2078</xmax>
      <ymax>2743</ymax>
    </bndbox>
  </object>
  <object>
    <name>stamp</name>
    <pose>Unspecified</pose>
    <truncated>0</truncated>
    <difficult>0</difficult>
    <bndbox>
      <xmin>707</xmin>
      <ymin>2692</ymin>
      <xmax>1314</xmax>
      <ymax>3209</ymax>
    </bndbox>
  </object>
</annotation>