<annotation>
  <folder>input</folder>
  <filename>image (1248).png</filename>
  <path>C:\Users\Admin\OpenLabeling-master-main\main\input\image (1248).png</path>
  <source>
    <database>Unknown</database>
  </source>
  <size>
    <width>2476</width>
    <height>3480</height>
    <depth>3</depth>
  </size>
  <segmented>0</segmented>
  <object>
    <name>signature</name>
    <pose>Unspecified</pose>
    <truncated>0</truncated>
    <difficult>0</difficult>
    <bndbox>
      <xmin>1570</xmin>
      <ymin>2045</ymin>
      <xmax>2034</xmax>
      <ymax>2252</ymax>
    </bndbox>
  </object>
  <object>
    <name>stamp</name>
    <pose>Unspecified</pose>
    <truncated>0</truncated>
    <difficult>0</difficult>
    <bndbox>
      <xmin>1577</xmin>
      <ymin>2432</ymin>
      <xmax>1846</xmax>
      <ymax>2874</ymax>
    </bndbox>
  </object>
</annotation>