<annotation>
  <folder>input</folder>
  <filename>image (138).png</filename>
  <path>C:\Users\Admin\OpenLabeling-master-main\main\input\image (138).png</path>
  <source>
    <database>Unknown</database>
  </source>
  <size>
    <width>2468</width>
    <height>3484</height>
    <depth>3</depth>
  </size>
  <segmented>0</segmented>
  <object>
    <name>signature</name>
    <pose>Unspecified</pose>
    <truncated>0</truncated>
    <difficult>0</difficult>
    <bndbox>
      <xmin>1568</xmin>
      <ymin>2479</ymin>
      <xmax>1805</xmax>
      <ymax>2664</ymax>
    </bndbox>
  </object>
  <object>
    <name>stamp</name>
    <pose>Unspecified</pose>
    <truncated>0</truncated>
    <difficult>0</difficult>
    <bndbox>
      <xmin>1651</xmin>
      <ymin>2709</ymin>
      <xmax>2048</xmax>
      <ymax>3052</ymax>
    </bndbox>
  </object>
</annotation>