<annotation>
  <folder>input</folder>
  <filename>image (1177).png</filename>
  <path>C:\Users\Admin\OpenLabeling-master-main\main\input\image (1177).png</path>
  <source>
    <database>Unknown</database>
  </source>
  <size>
    <width>2468</width>
    <height>3480</height>
    <depth>3</depth>
  </size>
  <segmented>0</segmented>
  <object>
    <name>signature</name>
    <pose>Unspecified</pose>
    <truncated>0</truncated>
    <difficult>0</difficult>
    <bndbox>
      <xmin>1376</xmin>
      <ymin>2549</ymin>
      <xmax>1921</xmax>
      <ymax>2841</ymax>
    </bndbox>
  </object>
  <object>
    <name>stamp</name>
    <pose>Unspecified</pose>
    <truncated>0</truncated>
    <difficult>0</difficult>
    <bndbox>
      <xmin>2048</xmin>
      <ymin>2611</ymin>
      <xmax>2350</xmax>
      <ymax>3076</ymax>
    </bndbox>
  </object>
</annotation>