<annotation>
  <folder>input</folder>
  <filename>image (1155).png</filename>
  <path>C:\Users\Admin\OpenLabeling-master-main\main\input\image (1155).png</path>
  <source>
    <database>Unknown</database>
  </source>
  <size>
    <width>2476</width>
    <height>3476</height>
    <depth>3</depth>
  </size>
  <segmented>0</segmented>
  <object>
    <name>signature</name>
    <pose>Unspecified</pose>
    <truncated>0</truncated>
    <difficult>0</difficult>
    <bndbox>
      <xmin>1542</xmin>
      <ymin>2401</ymin>
      <xmax>1860</xmax>
      <ymax>2608</ymax>
    </bndbox>
  </object>
  <object>
    <name>stamp</name>
    <pose>Unspecified</pose>
    <truncated>0</truncated>
    <difficult>0</difficult>
    <bndbox>
      <xmin>811</xmin>
      <ymin>2490</ymin>
      <xmax>1114</xmax>
      <ymax>2933</ymax>
    </bndbox>
  </object>
</annotation>