<annotation>
  <folder>input</folder>
  <filename>image (1417).png</filename>
  <path>C:\Users\Admin\OpenLabeling-master-main\main\input\image (1417).png</path>
  <source>
    <database>Unknown</database>
  </source>
  <size>
    <width>2468</width>
    <height>3480</height>
    <depth>3</depth>
  </size>
  <segmented>0</segmented>
  <object>
    <name>signature</name>
    <pose>Unspecified</pose>
    <truncated>0</truncated>
    <difficult>0</difficult>
    <bndbox>
      <xmin>1863</xmin>
      <ymin>2717</ymin>
      <xmax>2182</xmax>
      <ymax>2986</ymax>
    </bndbox>
  </object>
  <object>
    <name>stamp</name>
    <pose>Unspecified</pose>
    <truncated>0</truncated>
    <difficult>0</difficult>
    <bndbox>
      <xmin>251</xmin>
      <ymin>2740</ymin>
      <xmax>633</xmax>
      <ymax>3171</ymax>
    </bndbox>
  </object>
</annotation>