<annotation>
  <folder>input</folder>
  <filename>image (117).png</filename>
  <path>C:\Users\Admin\OpenLabeling-master-main\main\input\image (117).png</path>
  <source>
    <database>Unknown</database>
  </source>
  <size>
    <width>2468</width>
    <height>3480</height>
    <depth>3</depth>
  </size>
  <segmented>0</segmented>
  <object>
    <name>signature</name>
    <pose>Unspecified</pose>
    <truncated>0</truncated>
    <difficult>0</difficult>
    <bndbox>
      <xmin>229</xmin>
      <ymin>2398</ymin>
      <xmax>463</xmax>
      <ymax>2611</ymax>
    </bndbox>
  </object>
  <object>
    <name>stamp</name>
    <pose>Unspecified</pose>
    <truncated>0</truncated>
    <difficult>0</difficult>
    <bndbox>
      <xmin>1002</xmin>
      <ymin>2303</ymin>
      <xmax>1329</xmax>
      <ymax>2807</ymax>
    </bndbox>
  </object>
</annotation>