<annotation>
  <folder>input</folder>
  <filename>image (1107).png</filename>
  <path>C:\Users\Admin\OpenLabeling-master-main\main\input\image (1107).png</path>
  <source>
    <database>Unknown</database>
  </source>
  <size>
    <width>2472</width>
    <height>3484</height>
    <depth>3</depth>
  </size>
  <segmented>0</segmented>
  <object>
    <name>signature</name>
    <pose>Unspecified</pose>
    <truncated>0</truncated>
    <difficult>0</difficult>
    <bndbox>
      <xmin>828</xmin>
      <ymin>2025</ymin>
      <xmax>1145</xmax>
      <ymax>2311</ymax>
    </bndbox>
  </object>
  <object>
    <name>stamp</name>
    <pose>Unspecified</pose>
    <truncated>0</truncated>
    <difficult>0</difficult>
    <bndbox>
      <xmin>1573</xmin>
      <ymin>2199</ymin>
      <xmax>1854</xmax>
      <ymax>2597</ymax>
    </bndbox>
  </object>
</annotation>