<annotation>
  <folder>input</folder>
  <filename>image (1111).png</filename>
  <path>C:\Users\Admin\OpenLabeling-master-main\main\input\image (1111).png</path>
  <source>
    <database>Unknown</database>
  </source>
  <size>
    <width>2476</width>
    <height>3480</height>
    <depth>3</depth>
  </size>
  <segmented>0</segmented>
  <object>
    <name>signature</name>
    <pose>Unspecified</pose>
    <truncated>0</truncated>
    <difficult>0</difficult>
    <bndbox>
      <xmin>1746</xmin>
      <ymin>2504</ymin>
      <xmax>2154</xmax>
      <ymax>2835</ymax>
    </bndbox>
  </object>
  <object>
    <name>stamp</name>
    <pose>Unspecified</pose>
    <truncated>0</truncated>
    <difficult>0</difficult>
    <bndbox>
      <xmin>1323</xmin>
      <ymin>2398</ymin>
      <xmax>1584</xmax>
      <ymax>2852</ymax>
    </bndbox>
  </object>
</annotation>