<annotation>
  <folder>input</folder>
  <filename>image (1369).png</filename>
  <path>C:\Users\Admin\OpenLabeling-master-main\main\input\image (1369).png</path>
  <source>
    <database>Unknown</database>
  </source>
  <size>
    <width>2468</width>
    <height>3480</height>
    <depth>3</depth>
  </size>
  <segmented>0</segmented>
  <object>
    <name>signature</name>
    <pose>Unspecified</pose>
    <truncated>0</truncated>
    <difficult>0</difficult>
    <bndbox>
      <xmin>928</xmin>
      <ymin>2118</ymin>
      <xmax>1357</xmax>
      <ymax>2471</ymax>
    </bndbox>
  </object>
  <object>
    <name>stamp</name>
    <pose>Unspecified</pose>
    <truncated>0</truncated>
    <difficult>0</difficult>
    <bndbox>
      <xmin>331</xmin>
      <ymin>2392</ymin>
      <xmax>986</xmax>
      <ymax>3132</ymax>
    </bndbox>
  </object>
</annotation>