<annotation>
  <folder>input</folder>
  <filename>image (1167).png</filename>
  <path>C:\Users\Admin\OpenLabeling-master-main\main\input\image (1167).png</path>
  <source>
    <database>Unknown</database>
  </source>
  <size>
    <width>2472</width>
    <height>3484</height>
    <depth>3</depth>
  </size>
  <segmented>0</segmented>
  <object>
    <name>signature</name>
    <pose>Unspecified</pose>
    <truncated>0</truncated>
    <difficult>0</difficult>
    <bndbox>
      <xmin>1437</xmin>
      <ymin>2608</ymin>
      <xmax>1895</xmax>
      <ymax>2844</ymax>
    </bndbox>
  </object>
  <object>
    <name>stamp</name>
    <pose>Unspecified</pose>
    <truncated>0</truncated>
    <difficult>0</difficult>
    <bndbox>
      <xmin>1986</xmin>
      <ymin>2580</ymin>
      <xmax>2307</xmax>
      <ymax>3085</ymax>
    </bndbox>
  </object>
</annotation>