<annotation>
  <folder>input</folder>
  <filename>image (1110).png</filename>
  <path>C:\Users\Admin\OpenLabeling-master-main\main\input\image (1110).png</path>
  <source>
    <database>Unknown</database>
  </source>
  <size>
    <width>2472</width>
    <height>3480</height>
    <depth>3</depth>
  </size>
  <segmented>0</segmented>
  <object>
    <name>signature</name>
    <pose>Unspecified</pose>
    <truncated>0</truncated>
    <difficult>0</difficult>
    <bndbox>
      <xmin>735</xmin>
      <ymin>2241</ymin>
      <xmax>1076</xmax>
      <ymax>2544</ymax>
    </bndbox>
  </object>
  <object>
    <name>stamp</name>
    <pose>Unspecified</pose>
    <truncated>0</truncated>
    <difficult>0</difficult>
    <bndbox>
      <xmin>1603</xmin>
      <ymin>2275</ymin>
      <xmax>1877</xmax>
      <ymax>2617</ymax>
    </bndbox>
  </object>
</annotation>