<annotation>
  <folder>input</folder>
  <filename>image (1175).png</filename>
  <path>C:\Users\Admin\OpenLabeling-master-main\main\input\image (1175).png</path>
  <source>
    <database>Unknown</database>
  </source>
  <size>
    <width>2480</width>
    <height>3480</height>
    <depth>3</depth>
  </size>
  <segmented>0</segmented>
  <object>
    <name>signature</name>
    <pose>Unspecified</pose>
    <truncated>0</truncated>
    <difficult>0</difficult>
    <bndbox>
      <xmin>1396</xmin>
      <ymin>2460</ymin>
      <xmax>1654</xmax>
      <ymax>2645</ymax>
    </bndbox>
  </object>
  <object>
    <name>stamp</name>
    <pose>Unspecified</pose>
    <truncated>0</truncated>
    <difficult>0</difficult>
    <bndbox>
      <xmin>1558</xmin>
      <ymin>2824</ymin>
      <xmax>1863</xmax>
      <ymax>3227</ymax>
    </bndbox>
  </object>
</annotation>