<annotation>
  <folder>input</folder>
  <filename>image (1151).png</filename>
  <path>C:\Users\Admin\OpenLabeling-master-main\main\input\image (1151).png</path>
  <source>
    <database>Unknown</database>
  </source>
  <size>
    <width>2476</width>
    <height>3484</height>
    <depth>3</depth>
  </size>
  <segmented>0</segmented>
  <object>
    <name>signature</name>
    <pose>Unspecified</pose>
    <truncated>0</truncated>
    <difficult>0</difficult>
    <bndbox>
      <xmin>1842</xmin>
      <ymin>2597</ymin>
      <xmax>2149</xmax>
      <ymax>2799</ymax>
    </bndbox>
  </object>
  <object>
    <name>stamp</name>
    <pose>Unspecified</pose>
    <truncated>0</truncated>
    <difficult>0</difficult>
    <bndbox>
      <xmin>1120</xmin>
      <ymin>2563</ymin>
      <xmax>1481</xmax>
      <ymax>3068</ymax>
    </bndbox>
  </object>
</annotation>