<annotation>
  <folder>input</folder>
  <filename>image (1371).png</filename>
  <path>C:\Users\Admin\OpenLabeling-master-main\main\input\image (1371).png</path>
  <source>
    <database>Unknown</database>
  </source>
  <size>
    <width>2468</width>
    <height>3480</height>
    <depth>3</depth>
  </size>
  <segmented>0</segmented>
  <object>
    <name>signature</name>
    <pose>Unspecified</pose>
    <truncated>0</truncated>
    <difficult>0</difficult>
    <bndbox>
      <xmin>307</xmin>
      <ymin>2079</ymin>
      <xmax>687</xmax>
      <ymax>2286</ymax>
    </bndbox>
  </object>
  <object>
    <name>stamp</name>
    <pose>Unspecified</pose>
    <truncated>0</truncated>
    <difficult>0</difficult>
    <bndbox>
      <xmin>1534</xmin>
      <ymin>1888</ymin>
      <xmax>2202</xmax>
      <ymax>2583</ymax>
    </bndbox>
  </object>
</annotation>