<annotation>
  <folder>input</folder>
  <filename>image (1006).png</filename>
  <path>C:\Users\Admin\OpenLabeling-master-main\main\input\image (1006).png</path>
  <source>
    <database>Unknown</database>
  </source>
  <size>
    <width>2464</width>
    <height>3480</height>
    <depth>3</depth>
  </size>
  <segmented>0</segmented>
  <object>
    <name>signature</name>
    <pose>Unspecified</pose>
    <truncated>0</truncated>
    <difficult>0</difficult>
    <bndbox>
      <xmin>1799</xmin>
      <ymin>2392</ymin>
      <xmax>2155</xmax>
      <ymax>2583</ymax>
    </bndbox>
  </object>
  <object>
    <name>stamp</name>
    <pose>Unspecified</pose>
    <truncated>0</truncated>
    <difficult>0</difficult>
    <bndbox>
      <xmin>724</xmin>
      <ymin>2460</ymin>
      <xmax>1298</xmax>
      <ymax>2852</ymax>
    </bndbox>
  </object>
</annotation>