<annotation>
  <folder>input</folder>
  <filename>image (1329).png</filename>
  <path>C:\Users\Admin\OpenLabeling-master-main\main\input\image (1329).png</path>
  <source>
    <database>Unknown</database>
  </source>
  <size>
    <width>2476</width>
    <height>3472</height>
    <depth>3</depth>
  </size>
  <segmented>0</segmented>
  <object>
    <name>signature</name>
    <pose>Unspecified</pose>
    <truncated>0</truncated>
    <difficult>0</difficult>
    <bndbox>
      <xmin>1660</xmin>
      <ymin>2404</ymin>
      <xmax>2356</xmax>
      <ymax>2706</ymax>
    </bndbox>
  </object>
  <object>
    <name>stamp</name>
    <pose>Unspecified</pose>
    <truncated>0</truncated>
    <difficult>0</difficult>
    <bndbox>
      <xmin>827</xmin>
      <ymin>2314</ymin>
      <xmax>1350</xmax>
      <ymax>3119</ymax>
    </bndbox>
  </object>
</annotation>