<annotation>
  <folder>input</folder>
  <filename>image (1021).png</filename>
  <path>C:\Users\Admin\OpenLabeling-master-main\main\input\image (1021).png</path>
  <source>
    <database>Unknown</database>
  </source>
  <size>
    <width>2476</width>
    <height>3480</height>
    <depth>3</depth>
  </size>
  <segmented>0</segmented>
  <object>
    <name>signature</name>
    <pose>Unspecified</pose>
    <truncated>0</truncated>
    <difficult>0</difficult>
    <bndbox>
      <xmin>1762</xmin>
      <ymin>2415</ymin>
      <xmax>2230</xmax>
      <ymax>2673</ymax>
    </bndbox>
  </object>
  <object>
    <name>stamp</name>
    <pose>Unspecified</pose>
    <truncated>0</truncated>
    <difficult>0</difficult>
    <bndbox>
      <xmin>675</xmin>
      <ymin>2572</ymin>
      <xmax>1241</xmax>
      <ymax>3065</ymax>
    </bndbox>
  </object>
</annotation>