<annotation>
  <folder>input</folder>
  <filename>image (1303).png</filename>
  <path>C:\Users\Admin\OpenLabeling-master-main\main\input\image (1303).png</path>
  <source>
    <database>Unknown</database>
  </source>
  <size>
    <width>2468</width>
    <height>3484</height>
    <depth>3</depth>
  </size>
  <segmented>0</segmented>
  <object>
    <name>signature</name>
    <pose>Unspecified</pose>
    <truncated>0</truncated>
    <difficult>0</difficult>
    <bndbox>
      <xmin>1905</xmin>
      <ymin>2294</ymin>
      <xmax>2270</xmax>
      <ymax>2552</ymax>
    </bndbox>
  </object>
  <object>
    <name>stamp</name>
    <pose>Unspecified</pose>
    <truncated>0</truncated>
    <difficult>0</difficult>
    <bndbox>
      <xmin>939</xmin>
      <ymin>2289</ymin>
      <xmax>1308</xmax>
      <ymax>2793</ymax>
    </bndbox>
  </object>
</annotation>