<annotation>
  <folder>input</folder>
  <filename>image (1282).png</filename>
  <path>C:\Users\Admin\OpenLabeling-master-main\main\input\image (1282).png</path>
  <source>
    <database>Unknown</database>
  </source>
  <size>
    <width>2480</width>
    <height>3480</height>
    <depth>3</depth>
  </size>
  <segmented>0</segmented>
  <object>
    <name>signature</name>
    <pose>Unspecified</pose>
    <truncated>0</truncated>
    <difficult>0</difficult>
    <bndbox>
      <xmin>1905</xmin>
      <ymin>2219</ymin>
      <xmax>2141</xmax>
      <ymax>2482</ymax>
    </bndbox>
  </object>
  <object>
    <name>stamp</name>
    <pose>Unspecified</pose>
    <truncated>0</truncated>
    <difficult>0</difficult>
    <bndbox>
      <xmin>836</xmin>
      <ymin>2252</ymin>
      <xmax>1349</xmax>
      <ymax>2891</ymax>
    </bndbox>
  </object>
</annotation>