<annotation>
  <folder>input</folder>
  <filename>image (1255).png</filename>
  <path>C:\Users\Admin\OpenLabeling-master-main\main\input\image (1255).png</path>
  <source>
    <database>Unknown</database>
  </source>
  <size>
    <width>2472</width>
    <height>3476</height>
    <depth>3</depth>
  </size>
  <segmented>0</segmented>
  <object>
    <name>signature</name>
    <pose>Unspecified</pose>
    <truncated>0</truncated>
    <difficult>0</difficult>
    <bndbox>
      <xmin>250</xmin>
      <ymin>2367</ymin>
      <xmax>558</xmax>
      <ymax>2658</ymax>
    </bndbox>
  </object>
  <object>
    <name>stamp</name>
    <pose>Unspecified</pose>
    <truncated>0</truncated>
    <difficult>0</difficult>
    <bndbox>
      <xmin>987</xmin>
      <ymin>2893</ymin>
      <xmax>1328</xmax>
      <ymax>3168</ymax>
    </bndbox>
  </object>
</annotation>