<annotation>
  <folder>input</folder>
  <filename>image (108).png</filename>
  <path>C:\Users\Admin\OpenLabeling-master-main\main\input\image (108).png</path>
  <source>
    <database>Unknown</database>
  </source>
  <size>
    <width>2476</width>
    <height>3480</height>
    <depth>3</depth>
  </size>
  <segmented>0</segmented>
  <object>
    <name>signature</name>
    <pose>Unspecified</pose>
    <truncated>0</truncated>
    <difficult>0</difficult>
    <bndbox>
      <xmin>252</xmin>
      <ymin>2426</ymin>
      <xmax>747</xmax>
      <ymax>2667</ymax>
    </bndbox>
  </object>
  <object>
    <name>stamp</name>
    <pose>Unspecified</pose>
    <truncated>0</truncated>
    <difficult>0</difficult>
    <bndbox>
      <xmin>760</xmin>
      <ymin>2516</ymin>
      <xmax>1043</xmax>
      <ymax>2992</ymax>
    </bndbox>
  </object>
</annotation>