<annotation>
  <folder>input</folder>
  <filename>image (1093).png</filename>
  <path>C:\Users\Admin\OpenLabeling-master-main\main\input\image (1093).png</path>
  <source>
    <database>Unknown</database>
  </source>
  <size>
    <width>2476</width>
    <height>3488</height>
    <depth>3</depth>
  </size>
  <segmented>0</segmented>
  <object>
    <name>signature</name>
    <pose>Unspecified</pose>
    <truncated>0</truncated>
    <difficult>0</difficult>
    <bndbox>
      <xmin>978</xmin>
      <ymin>2280</ymin>
      <xmax>1245</xmax>
      <ymax>2538</ymax>
    </bndbox>
  </object>
  <object>
    <name>stamp</name>
    <pose>Unspecified</pose>
    <truncated>0</truncated>
    <difficult>0</difficult>
    <bndbox>
      <xmin>1379</xmin>
      <ymin>2370</ymin>
      <xmax>1660</xmax>
      <ymax>2729</ymax>
    </bndbox>
  </object>
</annotation>