<annotation>
  <folder>input</folder>
  <filename>image (1101).png</filename>
  <path>C:\Users\Admin\OpenLabeling-master-main\main\input\image (1101).png</path>
  <source>
    <database>Unknown</database>
  </source>
  <size>
    <width>2468</width>
    <height>3480</height>
    <depth>3</depth>
  </size>
  <segmented>0</segmented>
  <object>
    <name>signature</name>
    <pose>Unspecified</pose>
    <truncated>0</truncated>
    <difficult>0</difficult>
    <bndbox>
      <xmin>638</xmin>
      <ymin>2493</ymin>
      <xmax>986</xmax>
      <ymax>2712</ymax>
    </bndbox>
  </object>
  <object>
    <name>stamp</name>
    <pose>Unspecified</pose>
    <truncated>0</truncated>
    <difficult>0</difficult>
    <bndbox>
      <xmin>2066</xmin>
      <ymin>1255</ymin>
      <xmax>2350</xmax>
      <ymax>1866</ymax>
    </bndbox>
  </object>
</annotation>