<annotation>
  <folder>input</folder>
  <filename>image (1120).png</filename>
  <path>C:\Users\Admin\OpenLabeling-master-main\main\input\image (1120).png</path>
  <source>
    <database>Unknown</database>
  </source>
  <size>
    <width>2476</width>
    <height>3476</height>
    <depth>3</depth>
  </size>
  <segmented>0</segmented>
  <object>
    <name>signature</name>
    <pose>Unspecified</pose>
    <truncated>0</truncated>
    <difficult>0</difficult>
    <bndbox>
      <xmin>971</xmin>
      <ymin>2071</ymin>
      <xmax>1472</xmax>
      <ymax>2311</ymax>
    </bndbox>
  </object>
  <object>
    <name>stamp</name>
    <pose>Unspecified</pose>
    <truncated>0</truncated>
    <difficult>0</difficult>
    <bndbox>
      <xmin>1677</xmin>
      <ymin>2048</ymin>
      <xmax>1951</xmax>
      <ymax>2507</ymax>
    </bndbox>
  </object>
</annotation>