<annotation>
  <folder>input</folder>
  <filename>image (1124).png</filename>
  <path>C:\Users\Admin\OpenLabeling-master-main\main\input\image (1124).png</path>
  <source>
    <database>Unknown</database>
  </source>
  <size>
    <width>2476</width>
    <height>3480</height>
    <depth>3</depth>
  </size>
  <segmented>0</segmented>
  <object>
    <name>signature</name>
    <pose>Unspecified</pose>
    <truncated>0</truncated>
    <difficult>0</difficult>
    <bndbox>
      <xmin>1842</xmin>
      <ymin>2364</ymin>
      <xmax>2289</xmax>
      <ymax>2706</ymax>
    </bndbox>
  </object>
  <object>
    <name>stamp</name>
    <pose>Unspecified</pose>
    <truncated>0</truncated>
    <difficult>0</difficult>
    <bndbox>
      <xmin>1697</xmin>
      <ymin>2813</ymin>
      <xmax>2045</xmax>
      <ymax>3289</ymax>
    </bndbox>
  </object>
</annotation>