<annotation>
  <folder>input</folder>
  <filename>image (1362).png</filename>
  <path>C:\Users\Admin\OpenLabeling-master-main\main\input\image (1362).png</path>
  <source>
    <database>Unknown</database>
  </source>
  <size>
    <width>2480</width>
    <height>3472</height>
    <depth>3</depth>
  </size>
  <segmented>0</segmented>
  <object>
    <name>signature</name>
    <pose>Unspecified</pose>
    <truncated>0</truncated>
    <difficult>0</difficult>
    <bndbox>
      <xmin>272</xmin>
      <ymin>2404</ymin>
      <xmax>487</xmax>
      <ymax>2622</ymax>
    </bndbox>
  </object>
  <object>
    <name>stamp</name>
    <pose>Unspecified</pose>
    <truncated>0</truncated>
    <difficult>0</difficult>
    <bndbox>
      <xmin>1594</xmin>
      <ymin>2342</ymin>
      <xmax>2118</xmax>
      <ymax>3086</ymax>
    </bndbox>
  </object>
</annotation>