<annotation>
  <folder>input</folder>
  <filename>image (1270).png</filename>
  <path>C:\Users\Admin\OpenLabeling-master-main\main\input\image (1270).png</path>
  <source>
    <database>Unknown</database>
  </source>
  <size>
    <width>2476</width>
    <height>3480</height>
    <depth>3</depth>
  </size>
  <segmented>0</segmented>
  <object>
    <name>signature</name>
    <pose>Unspecified</pose>
    <truncated>0</truncated>
    <difficult>0</difficult>
    <bndbox>
      <xmin>228</xmin>
      <ymin>2342</ymin>
      <xmax>580</xmax>
      <ymax>2560</ymax>
    </bndbox>
  </object>
  <object>
    <name>stamp</name>
    <pose>Unspecified</pose>
    <truncated>0</truncated>
    <difficult>0</difficult>
    <bndbox>
      <xmin>1070</xmin>
      <ymin>2818</ymin>
      <xmax>1415</xmax>
      <ymax>3177</ymax>
    </bndbox>
  </object>
</annotation>