<annotation>
  <folder>input</folder>
  <filename>image (1358).png</filename>
  <path>C:\Users\Admin\OpenLabeling-master-main\main\input\image (1358).png</path>
  <source>
    <database>Unknown</database>
  </source>
  <size>
    <width>2472</width>
    <height>3476</height>
    <depth>3</depth>
  </size>
  <segmented>0</segmented>
  <object>
    <name>signature</name>
    <pose>Unspecified</pose>
    <truncated>0</truncated>
    <difficult>0</difficult>
    <bndbox>
      <xmin>351</xmin>
      <ymin>2306</ymin>
      <xmax>648</xmax>
      <ymax>2524</ymax>
    </bndbox>
  </object>
  <object>
    <name>stamp</name>
    <pose>Unspecified</pose>
    <truncated>0</truncated>
    <difficult>0</difficult>
    <bndbox>
      <xmin>650</xmin>
      <ymin>2686</ymin>
      <xmax>1266</xmax>
      <ymax>3431</ymax>
    </bndbox>
  </object>
</annotation>