<annotation>
  <folder>input</folder>
  <filename>image (1376).png</filename>
  <path>C:\Users\Admin\OpenLabeling-master-main\main\input\image (1376).png</path>
  <source>
    <database>Unknown</database>
  </source>
  <size>
    <width>2476</width>
    <height>3484</height>
    <depth>3</depth>
  </size>
  <segmented>0</segmented>
  <object>
    <name>signature</name>
    <pose>Unspecified</pose>
    <truncated>0</truncated>
    <difficult>0</difficult>
    <bndbox>
      <xmin>259</xmin>
      <ymin>1952</ymin>
      <xmax>589</xmax>
      <ymax>2216</ymax>
    </bndbox>
  </object>
  <object>
    <name>stamp</name>
    <pose>Unspecified</pose>
    <truncated>0</truncated>
    <difficult>0</difficult>
    <bndbox>
      <xmin>1370</xmin>
      <ymin>1907</ymin>
      <xmax>1974</xmax>
      <ymax>2782</ymax>
    </bndbox>
  </object>
</annotation>