<annotation>
  <folder>input</folder>
  <filename>image (1352).png</filename>
  <path>C:\Users\Admin\OpenLabeling-master-main\main\input\image (1352).png</path>
  <source>
    <database>Unknown</database>
  </source>
  <size>
    <width>2476</width>
    <height>3476</height>
    <depth>3</depth>
  </size>
  <segmented>0</segmented>
  <object>
    <name>signature</name>
    <pose>Unspecified</pose>
    <truncated>0</truncated>
    <difficult>0</difficult>
    <bndbox>
      <xmin>230</xmin>
      <ymin>2059</ymin>
      <xmax>544</xmax>
      <ymax>2328</ymax>
    </bndbox>
  </object>
  <object>
    <name>stamp</name>
    <pose>Unspecified</pose>
    <truncated>0</truncated>
    <difficult>0</difficult>
    <bndbox>
      <xmin>1112</xmin>
      <ymin>2015</ymin>
      <xmax>1806</xmax>
      <ymax>2753</ymax>
    </bndbox>
  </object>
</annotation>