<annotation>
  <folder>input</folder>
  <filename>image (1288).png</filename>
  <path>C:\Users\Admin\OpenLabeling-master-main\main\input\image (1288).png</path>
  <source>
    <database>Unknown</database>
  </source>
  <size>
    <width>2468</width>
    <height>3480</height>
    <depth>3</depth>
  </size>
  <segmented>0</segmented>
  <object>
    <name>signature</name>
    <pose>Unspecified</pose>
    <truncated>0</truncated>
    <difficult>0</difficult>
    <bndbox>
      <xmin>1688</xmin>
      <ymin>2465</ymin>
      <xmax>2227</xmax>
      <ymax>2779</ymax>
    </bndbox>
  </object>
  <object>
    <name>stamp</name>
    <pose>Unspecified</pose>
    <truncated>0</truncated>
    <difficult>0</difficult>
    <bndbox>
      <xmin>736</xmin>
      <ymin>2493</ymin>
      <xmax>1286</xmax>
      <ymax>3188</ymax>
    </bndbox>
  </object>
</annotation>