<annotation>
  <folder>input</folder>
  <filename>image (1405).png</filename>
  <path>C:\Users\Admin\OpenLabeling-master-main\main\input\image (1405).png</path>
  <source>
    <database>Unknown</database>
  </source>
  <size>
    <width>2468</width>
    <height>3484</height>
    <depth>3</depth>
  </size>
  <segmented>0</segmented>
  <object>
    <name>signature</name>
    <pose>Unspecified</pose>
    <truncated>0</truncated>
    <difficult>0</difficult>
    <bndbox>
      <xmin>1574</xmin>
      <ymin>2715</ymin>
      <xmax>1836</xmax>
      <ymax>2973</ymax>
    </bndbox>
  </object>
  <object>
    <name>stamp</name>
    <pose>Unspecified</pose>
    <truncated>0</truncated>
    <difficult>0</difficult>
    <bndbox>
      <xmin>1836</xmin>
      <ymin>3029</ymin>
      <xmax>2200</xmax>
      <ymax>3411</ymax>
    </bndbox>
  </object>
</annotation>