<annotation>
  <folder>input</folder>
  <filename>image (1261).png</filename>
  <path>C:\Users\Admin\OpenLabeling-master-main\main\input\image (1261).png</path>
  <source>
    <database>Unknown</database>
  </source>
  <size>
    <width>2476</width>
    <height>3476</height>
    <depth>3</depth>
  </size>
  <segmented>0</segmented>
  <object>
    <name>signature</name>
    <pose>Unspecified</pose>
    <truncated>0</truncated>
    <difficult>0</difficult>
    <bndbox>
      <xmin>241</xmin>
      <ymin>2093</ymin>
      <xmax>619</xmax>
      <ymax>2328</ymax>
    </bndbox>
  </object>
  <object>
    <name>stamp</name>
    <pose>Unspecified</pose>
    <truncated>0</truncated>
    <difficult>0</difficult>
    <bndbox>
      <xmin>1860</xmin>
      <ymin>2748</ymin>
      <xmax>2223</xmax>
      <ymax>3100</ymax>
    </bndbox>
  </object>
</annotation>