<annotation>
  <folder>input</folder>
  <filename>image (1022).png</filename>
  <path>C:\Users\Admin\OpenLabeling-master-main\main\input\image (1022).png</path>
  <source>
    <database>Unknown</database>
  </source>
  <size>
    <width>2472</width>
    <height>3480</height>
    <depth>3</depth>
  </size>
  <segmented>0</segmented>
  <object>
    <name>signature</name>
    <pose>Unspecified</pose>
    <truncated>0</truncated>
    <difficult>0</difficult>
    <bndbox>
      <xmin>1846</xmin>
      <ymin>2364</ymin>
      <xmax>2211</xmax>
      <ymax>2611</ymax>
    </bndbox>
  </object>
  <object>
    <name>stamp</name>
    <pose>Unspecified</pose>
    <truncated>0</truncated>
    <difficult>0</difficult>
    <bndbox>
      <xmin>1071</xmin>
      <ymin>2409</ymin>
      <xmax>1603</xmax>
      <ymax>3059</ymax>
    </bndbox>
  </object>
</annotation>