<annotation>
  <folder>input</folder>
  <filename>image (1300).png</filename>
  <path>C:\Users\Admin\OpenLabeling-master-main\main\input\image (1300).png</path>
  <source>
    <database>Unknown</database>
  </source>
  <size>
    <width>2468</width>
    <height>3484</height>
    <depth>3</depth>
  </size>
  <segmented>0</segmented>
  <object>
    <name>signature</name>
    <pose>Unspecified</pose>
    <truncated>0</truncated>
    <difficult>0</difficult>
    <bndbox>
      <xmin>1742</xmin>
      <ymin>2210</ymin>
      <xmax>2183</xmax>
      <ymax>2468</ymax>
    </bndbox>
  </object>
  <object>
    <name>stamp</name>
    <pose>Unspecified</pose>
    <truncated>0</truncated>
    <difficult>0</difficult>
    <bndbox>
      <xmin>785</xmin>
      <ymin>2272</ymin>
      <xmax>1134</xmax>
      <ymax>2765</ymax>
    </bndbox>
  </object>
</annotation>