<annotation>
  <folder>input</folder>
  <filename>image (1146).png</filename>
  <path>C:\Users\Admin\OpenLabeling-master-main\main\input\image (1146).png</path>
  <source>
    <database>Unknown</database>
  </source>
  <size>
    <width>2476</width>
    <height>3480</height>
    <depth>3</depth>
  </size>
  <segmented>0</segmented>
  <object>
    <name>signature</name>
    <pose>Unspecified</pose>
    <truncated>0</truncated>
    <difficult>0</difficult>
    <bndbox>
      <xmin>1882</xmin>
      <ymin>2325</ymin>
      <xmax>2241</xmax>
      <ymax>2532</ymax>
    </bndbox>
  </object>
  <object>
    <name>stamp</name>
    <pose>Unspecified</pose>
    <truncated>0</truncated>
    <difficult>0</difficult>
    <bndbox>
      <xmin>1152</xmin>
      <ymin>2286</ymin>
      <xmax>1488</xmax>
      <ymax>2734</ymax>
    </bndbox>
  </object>
</annotation>