<annotation>
  <folder>input</folder>
  <filename>image (1443).png</filename>
  <path>C:\Users\Admin\OpenLabeling-master-main\main\input\image (1443).png</path>
  <source>
    <database>Unknown</database>
  </source>
  <size>
    <width>2468</width>
    <height>3480</height>
    <depth>3</depth>
  </size>
  <segmented>0</segmented>
  <object>
    <name>signature</name>
    <pose>Unspecified</pose>
    <truncated>0</truncated>
    <difficult>0</difficult>
    <bndbox>
      <xmin>1601</xmin>
      <ymin>2482</ymin>
      <xmax>2017</xmax>
      <ymax>2757</ymax>
    </bndbox>
  </object>
  <object>
    <name>stamp</name>
    <pose>Unspecified</pose>
    <truncated>0</truncated>
    <difficult>0</difficult>
    <bndbox>
      <xmin>1863</xmin>
      <ymin>2768</ymin>
      <xmax>2211</xmax>
      <ymax>3205</ymax>
    </bndbox>
  </object>
</annotation>