<annotation>
  <folder>input</folder>
  <filename>image (1005).png</filename>
  <path>C:\Users\Admin\OpenLabeling-master-main\main\input\image (1005).png</path>
  <source>
    <database>Unknown</database>
  </source>
  <size>
    <width>2476</width>
    <height>3484</height>
    <depth>3</depth>
  </size>
  <segmented>0</segmented>
  <object>
    <name>signature</name>
    <pose>Unspecified</pose>
    <truncated>0</truncated>
    <difficult>0</difficult>
    <bndbox>
      <xmin>1700</xmin>
      <ymin>2513</ymin>
      <xmax>2347</xmax>
      <ymax>2777</ymax>
    </bndbox>
  </object>
  <object>
    <name>stamp</name>
    <pose>Unspecified</pose>
    <truncated>0</truncated>
    <difficult>0</difficult>
    <bndbox>
      <xmin>804</xmin>
      <ymin>2614</ymin>
      <xmax>1366</xmax>
      <ymax>3074</ymax>
    </bndbox>
  </object>
</annotation>