<annotation>
  <folder>input</folder>
  <filename>image (1409).png</filename>
  <path>C:\Users\Admin\OpenLabeling-master-main\main\input\image (1409).png</path>
  <source>
    <database>Unknown</database>
  </source>
  <size>
    <width>2476</width>
    <height>3484</height>
    <depth>3</depth>
  </size>
  <segmented>0</segmented>
  <object>
    <name>signature</name>
    <pose>Unspecified</pose>
    <truncated>0</truncated>
    <difficult>0</difficult>
    <bndbox>
      <xmin>1833</xmin>
      <ymin>2552</ymin>
      <xmax>2111</xmax>
      <ymax>2788</ymax>
    </bndbox>
  </object>
  <object>
    <name>stamp</name>
    <pose>Unspecified</pose>
    <truncated>0</truncated>
    <difficult>0</difficult>
    <bndbox>
      <xmin>1118</xmin>
      <ymin>2519</ymin>
      <xmax>1477</xmax>
      <ymax>2967</ymax>
    </bndbox>
  </object>
</annotation>