<annotation>
  <folder>input</folder>
  <filename>image (1181).png</filename>
  <path>C:\Users\Admin\OpenLabeling-master-main\main\input\image (1181).png</path>
  <source>
    <database>Unknown</database>
  </source>
  <size>
    <width>2476</width>
    <height>3484</height>
    <depth>3</depth>
  </size>
  <segmented>0</segmented>
  <object>
    <name>signature</name>
    <pose>Unspecified</pose>
    <truncated>0</truncated>
    <difficult>0</difficult>
    <bndbox>
      <xmin>1401</xmin>
      <ymin>2446</ymin>
      <xmax>2034</xmax>
      <ymax>2754</ymax>
    </bndbox>
  </object>
  <object>
    <name>stamp</name>
    <pose>Unspecified</pose>
    <truncated>0</truncated>
    <difficult>0</difficult>
    <bndbox>
      <xmin>2060</xmin>
      <ymin>2434</ymin>
      <xmax>2368</xmax>
      <ymax>2928</ymax>
    </bndbox>
  </object>
</annotation>