<annotation>
  <folder>input</folder>
  <filename>image (1169).png</filename>
  <path>C:\Users\Admin\OpenLabeling-master-main\main\input\image (1169).png</path>
  <source>
    <database>Unknown</database>
  </source>
  <size>
    <width>2472</width>
    <height>3480</height>
    <depth>3</depth>
  </size>
  <segmented>0</segmented>
  <object>
    <name>signature</name>
    <pose>Unspecified</pose>
    <truncated>0</truncated>
    <difficult>0</difficult>
    <bndbox>
      <xmin>1471</xmin>
      <ymin>2493</ymin>
      <xmax>1788</xmax>
      <ymax>2723</ymax>
    </bndbox>
  </object>
  <object>
    <name>stamp</name>
    <pose>Unspecified</pose>
    <truncated>0</truncated>
    <difficult>0</difficult>
    <bndbox>
      <xmin>1962</xmin>
      <ymin>2359</ymin>
      <xmax>2261</xmax>
      <ymax>2824</ymax>
    </bndbox>
  </object>
</annotation>