<annotation>
  <folder>input</folder>
  <filename>image (1406).png</filename>
  <path>C:\Users\Admin\OpenLabeling-master-main\main\input\image (1406).png</path>
  <source>
    <database>Unknown</database>
  </source>
  <size>
    <width>2476</width>
    <height>3480</height>
    <depth>3</depth>
  </size>
  <segmented>0</segmented>
  <object>
    <name>signature</name>
    <pose>Unspecified</pose>
    <truncated>0</truncated>
    <difficult>0</difficult>
    <bndbox>
      <xmin>1709</xmin>
      <ymin>2678</ymin>
      <xmax>2096</xmax>
      <ymax>2925</ymax>
    </bndbox>
  </object>
  <object>
    <name>stamp</name>
    <pose>Unspecified</pose>
    <truncated>0</truncated>
    <difficult>0</difficult>
    <bndbox>
      <xmin>1054</xmin>
      <ymin>2701</ymin>
      <xmax>1365</xmax>
      <ymax>3087</ymax>
    </bndbox>
  </object>
</annotation>