<annotation>
  <folder>input</folder>
  <filename>image (1086).png</filename>
  <path>C:\Users\Admin\OpenLabeling-master-main\main\input\image (1086).png</path>
  <source>
    <database>Unknown</database>
  </source>
  <size>
    <width>2488</width>
    <height>3504</height>
    <depth>3</depth>
  </size>
  <segmented>0</segmented>
  <object>
    <name>signature</name>
    <pose>Unspecified</pose>
    <truncated>0</truncated>
    <difficult>0</difficult>
    <bndbox>
      <xmin>1528</xmin>
      <ymin>1630</ymin>
      <xmax>1727</xmax>
      <ymax>2025</ymax>
    </bndbox>
  </object>
  <object>
    <name>stamp</name>
    <pose>Unspecified</pose>
    <truncated>0</truncated>
    <difficult>0</difficult>
    <bndbox>
      <xmin>727</xmin>
      <ymin>1941</ymin>
      <xmax>1037</xmax>
      <ymax>2414</ymax>
    </bndbox>
  </object>
</annotation>