<annotation>
  <folder>input</folder>
  <filename>image (1446).png</filename>
  <path>C:\Users\Admin\OpenLabeling-master-main\main\input\image (1446).png</path>
  <source>
    <database>Unknown</database>
  </source>
  <size>
    <width>2476</width>
    <height>3472</height>
    <depth>3</depth>
  </size>
  <segmented>0</segmented>
  <object>
    <name>signature</name>
    <pose>Unspecified</pose>
    <truncated>0</truncated>
    <difficult>0</difficult>
    <bndbox>
      <xmin>1724</xmin>
      <ymin>2191</ymin>
      <xmax>2214</xmax>
      <ymax>2437</ymax>
    </bndbox>
  </object>
  <object>
    <name>stamp</name>
    <pose>Unspecified</pose>
    <truncated>0</truncated>
    <difficult>0</difficult>
    <bndbox>
      <xmin>1806</xmin>
      <ymin>2650</ymin>
      <xmax>2143</xmax>
      <ymax>3276</ymax>
    </bndbox>
  </object>
</annotation>