<annotation>
  <folder>input</folder>
  <filename>image (1036).png</filename>
  <path>C:\Users\Admin\OpenLabeling-master-main\main\input\image (1036).png</path>
  <source>
    <database>Unknown</database>
  </source>
  <size>
    <width>2476</width>
    <height>3472</height>
    <depth>3</depth>
  </size>
  <segmented>0</segmented>
  <object>
    <name>signature</name>
    <pose>Unspecified</pose>
    <truncated>0</truncated>
    <difficult>0</difficult>
    <bndbox>
      <xmin>1686</xmin>
      <ymin>2085</ymin>
      <xmax>2013</xmax>
      <ymax>2337</ymax>
    </bndbox>
  </object>
  <object>
    <name>stamp</name>
    <pose>Unspecified</pose>
    <truncated>0</truncated>
    <difficult>0</difficult>
    <bndbox>
      <xmin>1466</xmin>
      <ymin>2616</ymin>
      <xmax>2078</xmax>
      <ymax>3119</ymax>
    </bndbox>
  </object>
</annotation>