<annotation>
  <folder>input</folder>
  <filename>image (1434).png</filename>
  <path>C:\Users\Admin\OpenLabeling-master-main\main\input\image (1434).png</path>
  <source>
    <database>Unknown</database>
  </source>
  <size>
    <width>2472</width>
    <height>3480</height>
    <depth>3</depth>
  </size>
  <segmented>0</segmented>
  <object>
    <name>signature</name>
    <pose>Unspecified</pose>
    <truncated>0</truncated>
    <difficult>0</difficult>
    <bndbox>
      <xmin>1232</xmin>
      <ymin>2706</ymin>
      <xmax>1493</xmax>
      <ymax>3076</ymax>
    </bndbox>
  </object>
  <object>
    <name>stamp</name>
    <pose>Unspecified</pose>
    <truncated>0</truncated>
    <difficult>0</difficult>
    <bndbox>
      <xmin>781</xmin>
      <ymin>2829</ymin>
      <xmax>1072</xmax>
      <ymax>3233</ymax>
    </bndbox>
  </object>
</annotation>