<annotation>
  <folder>input</folder>
  <filename>image (1158).png</filename>
  <path>C:\Users\Admin\OpenLabeling-master-main\main\input\image (1158).png</path>
  <source>
    <database>Unknown</database>
  </source>
  <size>
    <width>2468</width>
    <height>3480</height>
    <depth>3</depth>
  </size>
  <segmented>0</segmented>
  <object>
    <name>signature</name>
    <pose>Unspecified</pose>
    <truncated>0</truncated>
    <difficult>0</difficult>
    <bndbox>
      <xmin>1496</xmin>
      <ymin>2370</ymin>
      <xmax>1749</xmax>
      <ymax>2622</ymax>
    </bndbox>
  </object>
  <object>
    <name>stamp</name>
    <pose>Unspecified</pose>
    <truncated>0</truncated>
    <difficult>0</difficult>
    <bndbox>
      <xmin>767</xmin>
      <ymin>2482</ymin>
      <xmax>1065</xmax>
      <ymax>2930</ymax>
    </bndbox>
  </object>
</annotation>