<annotation>
  <folder>input</folder>
  <filename>image (1194).png</filename>
  <path>C:\Users\Admin\OpenLabeling-master-main\main\input\image (1194).png</path>
  <source>
    <database>Unknown</database>
  </source>
  <size>
    <width>2472</width>
    <height>3480</height>
    <depth>3</depth>
  </size>
  <segmented>0</segmented>
  <object>
    <name>signature</name>
    <pose>Unspecified</pose>
    <truncated>0</truncated>
    <difficult>0</difficult>
    <bndbox>
      <xmin>304</xmin>
      <ymin>2454</ymin>
      <xmax>596</xmax>
      <ymax>2678</ymax>
    </bndbox>
  </object>
  <object>
    <name>stamp</name>
    <pose>Unspecified</pose>
    <truncated>0</truncated>
    <difficult>0</difficult>
    <bndbox>
      <xmin>759</xmin>
      <ymin>2376</ymin>
      <xmax>989</xmax>
      <ymax>2846</ymax>
    </bndbox>
  </object>
</annotation>