<annotation>
  <folder>input</folder>
  <filename>image (1382).png</filename>
  <path>C:\Users\Admin\OpenLabeling-master-main\main\input\image (1382).png</path>
  <source>
    <database>Unknown</database>
  </source>
  <size>
    <width>2472</width>
    <height>3480</height>
    <depth>3</depth>
  </size>
  <segmented>0</segmented>
  <object>
    <name>signature</name>
    <pose>Unspecified</pose>
    <truncated>0</truncated>
    <difficult>0</difficult>
    <bndbox>
      <xmin>1618</xmin>
      <ymin>2678</ymin>
      <xmax>2071</xmax>
      <ymax>3003</ymax>
    </bndbox>
  </object>
  <object>
    <name>stamp</name>
    <pose>Unspecified</pose>
    <truncated>0</truncated>
    <difficult>0</difficult>
    <bndbox>
      <xmin>1823</xmin>
      <ymin>3059</ymin>
      <xmax>2127</xmax>
      <ymax>3429</ymax>
    </bndbox>
  </object>
</annotation>