<annotation>
  <folder>input</folder>
  <filename>image (1267).png</filename>
  <path>C:\Users\Admin\OpenLabeling-master-main\main\input\image (1267).png</path>
  <source>
    <database>Unknown</database>
  </source>
  <size>
    <width>2480</width>
    <height>3480</height>
    <depth>3</depth>
  </size>
  <segmented>0</segmented>
  <object>
    <name>signature</name>
    <pose>Unspecified</pose>
    <truncated>0</truncated>
    <difficult>0</difficult>
    <bndbox>
      <xmin>314</xmin>
      <ymin>2062</ymin>
      <xmax>558</xmax>
      <ymax>2263</ymax>
    </bndbox>
  </object>
  <object>
    <name>stamp</name>
    <pose>Unspecified</pose>
    <truncated>0</truncated>
    <difficult>0</difficult>
    <bndbox>
      <xmin>520</xmin>
      <ymin>448</ymin>
      <xmax>880</xmax>
      <ymax>700</ymax>
    </bndbox>
  </object>
</annotation>