<annotation>
  <folder>input</folder>
  <filename>image (1368).png</filename>
  <path>C:\Users\Admin\OpenLabeling-master-main\main\input\image (1368).png</path>
  <source>
    <database>Unknown</database>
  </source>
  <size>
    <width>2468</width>
    <height>3480</height>
    <depth>3</depth>
  </size>
  <segmented>0</segmented>
  <object>
    <name>signature</name>
    <pose>Unspecified</pose>
    <truncated>0</truncated>
    <difficult>0</difficult>
    <bndbox>
      <xmin>226</xmin>
      <ymin>2219</ymin>
      <xmax>781</xmax>
      <ymax>2532</ymax>
    </bndbox>
  </object>
  <object>
    <name>stamp</name>
    <pose>Unspecified</pose>
    <truncated>0</truncated>
    <difficult>0</difficult>
    <bndbox>
      <xmin>358</xmin>
      <ymin>2633</ymin>
      <xmax>1022</xmax>
      <ymax>3278</ymax>
    </bndbox>
  </object>
</annotation>