<annotation>
  <folder>input</folder>
  <filename>image (114).png</filename>
  <path>C:\Users\Admin\OpenLabeling-master-main\main\input\image (114).png</path>
  <source>
    <database>Unknown</database>
  </source>
  <size>
    <width>2472</width>
    <height>3484</height>
    <depth>3</depth>
  </size>
  <segmented>0</segmented>
  <object>
    <name>signature</name>
    <pose>Unspecified</pose>
    <truncated>0</truncated>
    <difficult>0</difficult>
    <bndbox>
      <xmin>262</xmin>
      <ymin>2563</ymin>
      <xmax>661</xmax>
      <ymax>2810</ymax>
    </bndbox>
  </object>
  <object>
    <name>stamp</name>
    <pose>Unspecified</pose>
    <truncated>0</truncated>
    <difficult>0</difficult>
    <bndbox>
      <xmin>1863</xmin>
      <ymin>2479</ymin>
      <xmax>2172</xmax>
      <ymax>2922</ymax>
    </bndbox>
  </object>
</annotation>