<annotation>
  <folder>input</folder>
  <filename>image (1268).png</filename>
  <path>C:\Users\Admin\OpenLabeling-master-main\main\input\image (1268).png</path>
  <source>
    <database>Unknown</database>
  </source>
  <size>
    <width>2468</width>
    <height>3484</height>
    <depth>3</depth>
  </size>
  <segmented>0</segmented>
  <object>
    <name>signature</name>
    <pose>Unspecified</pose>
    <truncated>0</truncated>
    <difficult>0</difficult>
    <bndbox>
      <xmin>226</xmin>
      <ymin>2300</ymin>
      <xmax>427</xmax>
      <ymax>2524</ymax>
    </bndbox>
  </object>
  <object>
    <name>stamp</name>
    <pose>Unspecified</pose>
    <truncated>0</truncated>
    <difficult>0</difficult>
    <bndbox>
      <xmin>794</xmin>
      <ymin>2979</ymin>
      <xmax>1125</xmax>
      <ymax>3293</ymax>
    </bndbox>
  </object>
</annotation>