<annotation>
  <folder>input</folder>
  <filename>image (1122).png</filename>
  <path>C:\Users\Admin\OpenLabeling-master-main\main\input\image (1122).png</path>
  <source>
    <database>Unknown</database>
  </source>
  <size>
    <width>2476</width>
    <height>3484</height>
    <depth>3</depth>
  </size>
  <segmented>0</segmented>
  <object>
    <name>signature</name>
    <pose>Unspecified</pose>
    <truncated>0</truncated>
    <difficult>0</difficult>
    <bndbox>
      <xmin>1804</xmin>
      <ymin>2260</ymin>
      <xmax>2201</xmax>
      <ymax>2519</ymax>
    </bndbox>
  </object>
  <object>
    <name>stamp</name>
    <pose>Unspecified</pose>
    <truncated>0</truncated>
    <difficult>0</difficult>
    <bndbox>
      <xmin>1201</xmin>
      <ymin>2333</ymin>
      <xmax>1532</xmax>
      <ymax>2816</ymax>
    </bndbox>
  </object>
</annotation>