<annotation>
  <folder>input</folder>
  <filename>image (1363).png</filename>
  <path>C:\Users\Admin\OpenLabeling-master-main\main\input\image (1363).png</path>
  <source>
    <database>Unknown</database>
  </source>
  <size>
    <width>2476</width>
    <height>3472</height>
    <depth>3</depth>
  </size>
  <segmented>0</segmented>
  <object>
    <name>signature</name>
    <pose>Unspecified</pose>
    <truncated>0</truncated>
    <difficult>0</difficult>
    <bndbox>
      <xmin>335</xmin>
      <ymin>2303</ymin>
      <xmax>805</xmax>
      <ymax>2588</ymax>
    </bndbox>
  </object>
  <object>
    <name>stamp</name>
    <pose>Unspecified</pose>
    <truncated>0</truncated>
    <difficult>0</difficult>
    <bndbox>
      <xmin>1276</xmin>
      <ymin>2269</ymin>
      <xmax>1864</xmax>
      <ymax>2985</ymax>
    </bndbox>
  </object>
</annotation>