<annotation>
  <folder>input</folder>
  <filename>image (1347).png</filename>
  <path>C:\Users\Admin\OpenLabeling-master-main\main\input\image (1347).png</path>
  <source>
    <database>Unknown</database>
  </source>
  <size>
    <width>2472</width>
    <height>3480</height>
    <depth>3</depth>
  </size>
  <segmented>0</segmented>
  <object>
    <name>signature</name>
    <pose>Unspecified</pose>
    <truncated>0</truncated>
    <difficult>0</difficult>
    <bndbox>
      <xmin>317</xmin>
      <ymin>2247</ymin>
      <xmax>598</xmax>
      <ymax>2499</ymax>
    </bndbox>
  </object>
  <object>
    <name>stamp</name>
    <pose>Unspecified</pose>
    <truncated>0</truncated>
    <difficult>0</difficult>
    <bndbox>
      <xmin>1118</xmin>
      <ymin>2291</ymin>
      <xmax>1732</xmax>
      <ymax>3110</ymax>
    </bndbox>
  </object>
</annotation>