<annotation>
  <folder>input</folder>
  <filename>image (1054).png</filename>
  <path>C:\Users\Admin\OpenLabeling-master-main\main\input\image (1054).png</path>
  <source>
    <database>Unknown</database>
  </source>
  <size>
    <width>2468</width>
    <height>3480</height>
    <depth>3</depth>
  </size>
  <segmented>0</segmented>
  <object>
    <name>signature</name>
    <pose>Unspecified</pose>
    <truncated>0</truncated>
    <difficult>0</difficult>
    <bndbox>
      <xmin>1735</xmin>
      <ymin>2448</ymin>
      <xmax>1977</xmax>
      <ymax>2723</ymax>
    </bndbox>
  </object>
  <object>
    <name>stamp</name>
    <pose>Unspecified</pose>
    <truncated>0</truncated>
    <difficult>0</difficult>
    <bndbox>
      <xmin>931</xmin>
      <ymin>2376</ymin>
      <xmax>1494</xmax>
      <ymax>2908</ymax>
    </bndbox>
  </object>
</annotation>