<annotation>
  <folder>input</folder>
  <filename>image (1229).png</filename>
  <path>C:\Users\Admin\OpenLabeling-master-main\main\input\image (1229).png</path>
  <source>
    <database>Unknown</database>
  </source>
  <size>
    <width>2472</width>
    <height>3480</height>
    <depth>3</depth>
  </size>
  <segmented>0</segmented>
  <object>
    <name>signature</name>
    <pose>Unspecified</pose>
    <truncated>0</truncated>
    <difficult>0</difficult>
    <bndbox>
      <xmin>1542</xmin>
      <ymin>2269</ymin>
      <xmax>2174</xmax>
      <ymax>2448</ymax>
    </bndbox>
  </object>
  <object>
    <name>stamp</name>
    <pose>Unspecified</pose>
    <truncated>0</truncated>
    <difficult>0</difficult>
    <bndbox>
      <xmin>1578</xmin>
      <ymin>2460</ymin>
      <xmax>1950</xmax>
      <ymax>2874</ymax>
    </bndbox>
  </object>
</annotation>