<annotation>
  <folder>input</folder>
  <filename>image (1014).png</filename>
  <path>C:\Users\Admin\OpenLabeling-master-main\main\input\image (1014).png</path>
  <source>
    <database>Unknown</database>
  </source>
  <size>
    <width>2472</width>
    <height>3476</height>
    <depth>3</depth>
  </size>
  <segmented>0</segmented>
  <object>
    <name>signature</name>
    <pose>Unspecified</pose>
    <truncated>0</truncated>
    <difficult>0</difficult>
    <bndbox>
      <xmin>1768</xmin>
      <ymin>2255</ymin>
      <xmax>2201</xmax>
      <ymax>2591</ymax>
    </bndbox>
  </object>
  <object>
    <name>stamp</name>
    <pose>Unspecified</pose>
    <truncated>0</truncated>
    <difficult>0</difficult>
    <bndbox>
      <xmin>1067</xmin>
      <ymin>2378</ymin>
      <xmax>1583</xmax>
      <ymax>3061</ymax>
    </bndbox>
  </object>
</annotation>