<annotation>
  <folder>input</folder>
  <filename>image (1046).png</filename>
  <path>C:\Users\Admin\OpenLabeling-master-main\main\input\image (1046).png</path>
  <source>
    <database>Unknown</database>
  </source>
  <size>
    <width>2472</width>
    <height>3476</height>
    <depth>3</depth>
  </size>
  <segmented>0</segmented>
  <object>
    <name>signature</name>
    <pose>Unspecified</pose>
    <truncated>0</truncated>
    <difficult>0</difficult>
    <bndbox>
      <xmin>1580</xmin>
      <ymin>2496</ymin>
      <xmax>2047</xmax>
      <ymax>2742</ymax>
    </bndbox>
  </object>
  <object>
    <name>stamp</name>
    <pose>Unspecified</pose>
    <truncated>0</truncated>
    <difficult>0</difficult>
    <bndbox>
      <xmin>853</xmin>
      <ymin>2446</ymin>
      <xmax>1419</xmax>
      <ymax>3039</ymax>
    </bndbox>
  </object>
</annotation>