<annotation>
  <folder>input</folder>
  <filename>image (1114).png</filename>
  <path>C:\Users\Admin\OpenLabeling-master-main\main\input\image (1114).png</path>
  <source>
    <database>Unknown</database>
  </source>
  <size>
    <width>2468</width>
    <height>3480</height>
    <depth>3</depth>
  </size>
  <segmented>0</segmented>
  <object>
    <name>signature</name>
    <pose>Unspecified</pose>
    <truncated>0</truncated>
    <difficult>0</difficult>
    <bndbox>
      <xmin>1762</xmin>
      <ymin>2325</ymin>
      <xmax>2080</xmax>
      <ymax>2633</ymax>
    </bndbox>
  </object>
  <object>
    <name>stamp</name>
    <pose>Unspecified</pose>
    <truncated>0</truncated>
    <difficult>0</difficult>
    <bndbox>
      <xmin>1308</xmin>
      <ymin>2303</ymin>
      <xmax>1585</xmax>
      <ymax>2745</ymax>
    </bndbox>
  </object>
</annotation>