<annotation>
  <folder>input</folder>
  <filename>image (1115).png</filename>
  <path>C:\Users\Admin\OpenLabeling-master-main\main\input\image (1115).png</path>
  <source>
    <database>Unknown</database>
  </source>
  <size>
    <width>2480</width>
    <height>3476</height>
    <depth>3</depth>
  </size>
  <segmented>0</segmented>
  <object>
    <name>signature</name>
    <pose>Unspecified</pose>
    <truncated>0</truncated>
    <difficult>0</difficult>
    <bndbox>
      <xmin>792</xmin>
      <ymin>2261</ymin>
      <xmax>1283</xmax>
      <ymax>2507</ymax>
    </bndbox>
  </object>
  <object>
    <name>stamp</name>
    <pose>Unspecified</pose>
    <truncated>0</truncated>
    <difficult>0</difficult>
    <bndbox>
      <xmin>1325</xmin>
      <ymin>2378</ymin>
      <xmax>1590</xmax>
      <ymax>2753</ymax>
    </bndbox>
  </object>
</annotation>