<annotation>
  <folder>input</folder>
  <filename>image (1407).png</filename>
  <path>C:\Users\Admin\OpenLabeling-master-main\main\input\image (1407).png</path>
  <source>
    <database>Unknown</database>
  </source>
  <size>
    <width>2468</width>
    <height>3476</height>
    <depth>3</depth>
  </size>
  <segmented>0</segmented>
  <object>
    <name>signature</name>
    <pose>Unspecified</pose>
    <truncated>0</truncated>
    <difficult>0</difficult>
    <bndbox>
      <xmin>1639</xmin>
      <ymin>2675</ymin>
      <xmax>2001</xmax>
      <ymax>2972</ymax>
    </bndbox>
  </object>
  <object>
    <name>stamp</name>
    <pose>Unspecified</pose>
    <truncated>0</truncated>
    <difficult>0</difficult>
    <bndbox>
      <xmin>886</xmin>
      <ymin>2770</ymin>
      <xmax>1221</xmax>
      <ymax>3162</ymax>
    </bndbox>
  </object>
</annotation>