<annotation>
  <folder>input</folder>
  <filename>image (1375).png</filename>
  <path>C:\Users\Admin\OpenLabeling-master-main\main\input\image (1375).png</path>
  <source>
    <database>Unknown</database>
  </source>
  <size>
    <width>2480</width>
    <height>3480</height>
    <depth>3</depth>
  </size>
  <segmented>0</segmented>
  <object>
    <name>signature</name>
    <pose>Unspecified</pose>
    <truncated>0</truncated>
    <difficult>0</difficult>
    <bndbox>
      <xmin>305</xmin>
      <ymin>2628</ymin>
      <xmax>552</xmax>
      <ymax>2874</ymax>
    </bndbox>
  </object>
  <object>
    <name>stamp</name>
    <pose>Unspecified</pose>
    <truncated>0</truncated>
    <difficult>0</difficult>
    <bndbox>
      <xmin>898</xmin>
      <ymin>2320</ymin>
      <xmax>1432</xmax>
      <ymax>3087</ymax>
    </bndbox>
  </object>
</annotation>