<annotation>
  <folder>input</folder>
  <filename>image (1278).png</filename>
  <path>C:\Users\Admin\OpenLabeling-master-main\main\input\image (1278).png</path>
  <source>
    <database>Unknown</database>
  </source>
  <size>
    <width>2472</width>
    <height>3480</height>
    <depth>3</depth>
  </size>
  <segmented>0</segmented>
  <object>
    <name>signature</name>
    <pose>Unspecified</pose>
    <truncated>0</truncated>
    <difficult>0</difficult>
    <bndbox>
      <xmin>284</xmin>
      <ymin>1994</ymin>
      <xmax>670</xmax>
      <ymax>2303</ymax>
    </bndbox>
  </object>
  <object>
    <name>stamp</name>
    <pose>Unspecified</pose>
    <truncated>0</truncated>
    <difficult>0</difficult>
    <bndbox>
      <xmin>1176</xmin>
      <ymin>2661</ymin>
      <xmax>1506</xmax>
      <ymax>3014</ymax>
    </bndbox>
  </object>
</annotation>