<annotation>
  <folder>input</folder>
  <filename>image (1297).png</filename>
  <path>C:\Users\Admin\OpenLabeling-master-main\main\input\image (1297).png</path>
  <source>
    <database>Unknown</database>
  </source>
  <size>
    <width>2480</width>
    <height>3476</height>
    <depth>3</depth>
  </size>
  <segmented>0</segmented>
  <object>
    <name>signature</name>
    <pose>Unspecified</pose>
    <truncated>0</truncated>
    <difficult>0</difficult>
    <bndbox>
      <xmin>1860</xmin>
      <ymin>2345</ymin>
      <xmax>2210</xmax>
      <ymax>2580</ymax>
    </bndbox>
  </object>
  <object>
    <name>stamp</name>
    <pose>Unspecified</pose>
    <truncated>0</truncated>
    <difficult>0</difficult>
    <bndbox>
      <xmin>932</xmin>
      <ymin>2261</ymin>
      <xmax>1221</xmax>
      <ymax>2815</ymax>
    </bndbox>
  </object>
</annotation>