<annotation>
  <folder>input</folder>
  <filename>image (1263).png</filename>
  <path>C:\Users\Admin\OpenLabeling-master-main\main\input\image (1263).png</path>
  <source>
    <database>Unknown</database>
  </source>
  <size>
    <width>2472</width>
    <height>3480</height>
    <depth>3</depth>
  </size>
  <segmented>0</segmented>
  <object>
    <name>signature</name>
    <pose>Unspecified</pose>
    <truncated>0</truncated>
    <difficult>0</difficult>
    <bndbox>
      <xmin>331</xmin>
      <ymin>2392</ymin>
      <xmax>781</xmax>
      <ymax>2650</ymax>
    </bndbox>
  </object>
  <object>
    <name>stamp</name>
    <pose>Unspecified</pose>
    <truncated>0</truncated>
    <difficult>0</difficult>
    <bndbox>
      <xmin>473</xmin>
      <ymin>2919</ymin>
      <xmax>795</xmax>
      <ymax>3216</ymax>
    </bndbox>
  </object>
</annotation>