<annotation>
  <folder>input</folder>
  <filename>image (1320).png</filename>
  <path>C:\Users\Admin\OpenLabeling-master-main\main\input\image (1320).png</path>
  <source>
    <database>Unknown</database>
  </source>
  <size>
    <width>2472</width>
    <height>3476</height>
    <depth>3</depth>
  </size>
  <segmented>0</segmented>
  <object>
    <name>signature</name>
    <pose>Unspecified</pose>
    <truncated>0</truncated>
    <difficult>0</difficult>
    <bndbox>
      <xmin>1725</xmin>
      <ymin>2205</ymin>
      <xmax>2131</xmax>
      <ymax>2468</ymax>
    </bndbox>
  </object>
  <object>
    <name>stamp</name>
    <pose>Unspecified</pose>
    <truncated>0</truncated>
    <difficult>0</difficult>
    <bndbox>
      <xmin>766</xmin>
      <ymin>2076</ymin>
      <xmax>1069</xmax>
      <ymax>2541</ymax>
    </bndbox>
  </object>
</annotation>