<annotation>
  <folder>input</folder>
  <filename>image (1031).png</filename>
  <path>C:\Users\Admin\OpenLabeling-master-main\main\input\image (1031).png</path>
  <source>
    <database>Unknown</database>
  </source>
  <size>
    <width>2468</width>
    <height>3480</height>
    <depth>3</depth>
  </size>
  <segmented>0</segmented>
  <object>
    <name>signature</name>
    <pose>Unspecified</pose>
    <truncated>0</truncated>
    <difficult>0</difficult>
    <bndbox>
      <xmin>1624</xmin>
      <ymin>2320</ymin>
      <xmax>1992</xmax>
      <ymax>2549</ymax>
    </bndbox>
  </object>
  <object>
    <name>stamp</name>
    <pose>Unspecified</pose>
    <truncated>0</truncated>
    <difficult>0</difficult>
    <bndbox>
      <xmin>996</xmin>
      <ymin>2202</ymin>
      <xmax>1510</xmax>
      <ymax>2930</ymax>
    </bndbox>
  </object>
</annotation>