<annotation>
  <folder>input</folder>
  <filename>image (1439).png</filename>
  <path>C:\Users\Admin\OpenLabeling-master-main\main\input\image (1439).png</path>
  <source>
    <database>Unknown</database>
  </source>
  <size>
    <width>2468</width>
    <height>3484</height>
    <depth>3</depth>
  </size>
  <segmented>0</segmented>
  <object>
    <name>signature</name>
    <pose>Unspecified</pose>
    <truncated>0</truncated>
    <difficult>0</difficult>
    <bndbox>
      <xmin>548</xmin>
      <ymin>2777</ymin>
      <xmax>823</xmax>
      <ymax>2995</ymax>
    </bndbox>
  </object>
  <object>
    <name>stamp</name>
    <pose>Unspecified</pose>
    <truncated>0</truncated>
    <difficult>0</difficult>
    <bndbox>
      <xmin>1794</xmin>
      <ymin>2833</ymin>
      <xmax>2100</xmax>
      <ymax>3225</ymax>
    </bndbox>
  </object>
</annotation>