<annotation>
  <folder>input</folder>
  <filename>image (1441).png</filename>
  <path>C:\Users\Admin\OpenLabeling-master-main\main\input\image (1441).png</path>
  <source>
    <database>Unknown</database>
  </source>
  <size>
    <width>2476</width>
    <height>3480</height>
    <depth>3</depth>
  </size>
  <segmented>0</segmented>
  <object>
    <name>signature</name>
    <pose>Unspecified</pose>
    <truncated>0</truncated>
    <difficult>0</difficult>
    <bndbox>
      <xmin>1729</xmin>
      <ymin>2437</ymin>
      <xmax>2016</xmax>
      <ymax>2695</ymax>
    </bndbox>
  </object>
  <object>
    <name>stamp</name>
    <pose>Unspecified</pose>
    <truncated>0</truncated>
    <difficult>0</difficult>
    <bndbox>
      <xmin>1666</xmin>
      <ymin>2717</ymin>
      <xmax>2002</xmax>
      <ymax>3154</ymax>
    </bndbox>
  </object>
</annotation>