<annotation>
  <folder>input</folder>
  <filename>image (1130).png</filename>
  <path>C:\Users\Admin\OpenLabeling-master-main\main\input\image (1130).png</path>
  <source>
    <database>Unknown</database>
  </source>
  <size>
    <width>2480</width>
    <height>3476</height>
    <depth>3</depth>
  </size>
  <segmented>0</segmented>
  <object>
    <name>signature</name>
    <pose>Unspecified</pose>
    <truncated>0</truncated>
    <difficult>0</difficult>
    <bndbox>
      <xmin>1885</xmin>
      <ymin>2664</ymin>
      <xmax>2163</xmax>
      <ymax>2871</ymax>
    </bndbox>
  </object>
  <object>
    <name>stamp</name>
    <pose>Unspecified</pose>
    <truncated>0</truncated>
    <difficult>0</difficult>
    <bndbox>
      <xmin>1200</xmin>
      <ymin>2619</ymin>
      <xmax>1576</xmax>
      <ymax>3179</ymax>
    </bndbox>
  </object>
</annotation>