<annotation>
  <folder>input</folder>
  <filename>image (1317).png</filename>
  <path>C:\Users\Admin\OpenLabeling-master-main\main\input\image (1317).png</path>
  <source>
    <database>Unknown</database>
  </source>
  <size>
    <width>2468</width>
    <height>3476</height>
    <depth>3</depth>
  </size>
  <segmented>0</segmented>
  <object>
    <name>signature</name>
    <pose>Unspecified</pose>
    <truncated>0</truncated>
    <difficult>0</difficult>
    <bndbox>
      <xmin>1923</xmin>
      <ymin>2507</ymin>
      <xmax>2247</xmax>
      <ymax>2776</ymax>
    </bndbox>
  </object>
  <object>
    <name>stamp</name>
    <pose>Unspecified</pose>
    <truncated>0</truncated>
    <difficult>0</difficult>
    <bndbox>
      <xmin>1190</xmin>
      <ymin>2390</ymin>
      <xmax>1476</xmax>
      <ymax>2849</ymax>
    </bndbox>
  </object>
</annotation>