<annotation>
  <folder>input</folder>
  <filename>image (1030).png</filename>
  <path>C:\Users\Admin\OpenLabeling-master-main\main\input\image (1030).png</path>
  <source>
    <database>Unknown</database>
  </source>
  <size>
    <width>2472</width>
    <height>3476</height>
    <depth>3</depth>
  </size>
  <segmented>0</segmented>
  <object>
    <name>signature</name>
    <pose>Unspecified</pose>
    <truncated>0</truncated>
    <difficult>0</difficult>
    <bndbox>
      <xmin>1591</xmin>
      <ymin>2580</ymin>
      <xmax>1854</xmax>
      <ymax>2798</ymax>
    </bndbox>
  </object>
  <object>
    <name>stamp</name>
    <pose>Unspecified</pose>
    <truncated>0</truncated>
    <difficult>0</difficult>
    <bndbox>
      <xmin>625</xmin>
      <ymin>2530</ymin>
      <xmax>1216</xmax>
      <ymax>2955</ymax>
    </bndbox>
  </object>
</annotation>