<annotation>
  <folder>input</folder>
  <filename>image (1262).png</filename>
  <path>C:\Users\Admin\OpenLabeling-master-main\main\input\image (1262).png</path>
  <source>
    <database>Unknown</database>
  </source>
  <size>
    <width>2476</width>
    <height>3484</height>
    <depth>3</depth>
  </size>
  <segmented>0</segmented>
  <object>
    <name>signature</name>
    <pose>Unspecified</pose>
    <truncated>0</truncated>
    <difficult>0</difficult>
    <bndbox>
      <xmin>241</xmin>
      <ymin>2345</ymin>
      <xmax>481</xmax>
      <ymax>2524</ymax>
    </bndbox>
  </object>
  <object>
    <name>stamp</name>
    <pose>Unspecified</pose>
    <truncated>0</truncated>
    <difficult>0</difficult>
    <bndbox>
      <xmin>1851</xmin>
      <ymin>2771</ymin>
      <xmax>2191</xmax>
      <ymax>3124</ymax>
    </bndbox>
  </object>
</annotation>