<annotation>
  <folder>input</folder>
  <filename>image (1088).png</filename>
  <path>C:\Users\Admin\OpenLabeling-master-main\main\input\image (1088).png</path>
  <source>
    <database>Unknown</database>
  </source>
  <size>
    <width>2488</width>
    <height>3504</height>
    <depth>3</depth>
  </size>
  <segmented>0</segmented>
  <object>
    <name>signature</name>
    <pose>Unspecified</pose>
    <truncated>0</truncated>
    <difficult>0</difficult>
    <bndbox>
      <xmin>1413</xmin>
      <ymin>1766</ymin>
      <xmax>1847</xmax>
      <ymax>2172</ymax>
    </bndbox>
  </object>
  <object>
    <name>stamp</name>
    <pose>Unspecified</pose>
    <truncated>0</truncated>
    <difficult>0</difficult>
    <bndbox>
      <xmin>930</xmin>
      <ymin>1811</ymin>
      <xmax>1178</xmax>
      <ymax>2403</ymax>
    </bndbox>
  </object>
</annotation>