<annotation>
  <folder>input</folder>
  <filename>image (1394).png</filename>
  <path>C:\Users\Admin\OpenLabeling-master-main\main\input\image (1394).png</path>
  <source>
    <database>Unknown</database>
  </source>
  <size>
    <width>2476</width>
    <height>3476</height>
    <depth>3</depth>
  </size>
  <segmented>0</segmented>
  <object>
    <name>signature</name>
    <pose>Unspecified</pose>
    <truncated>0</truncated>
    <difficult>0</difficult>
    <bndbox>
      <xmin>1739</xmin>
      <ymin>2636</ymin>
      <xmax>2056</xmax>
      <ymax>2905</ymax>
    </bndbox>
  </object>
  <object>
    <name>stamp</name>
    <pose>Unspecified</pose>
    <truncated>0</truncated>
    <difficult>0</difficult>
    <bndbox>
      <xmin>933</xmin>
      <ymin>2731</ymin>
      <xmax>1305</xmax>
      <ymax>3319</ymax>
    </bndbox>
  </object>
</annotation>