<annotation>
  <folder>input</folder>
  <filename>image (1281).png</filename>
  <path>C:\Users\Admin\OpenLabeling-master-main\main\input\image (1281).png</path>
  <source>
    <database>Unknown</database>
  </source>
  <size>
    <width>2476</width>
    <height>3484</height>
    <depth>3</depth>
  </size>
  <segmented>0</segmented>
  <object>
    <name>signature</name>
    <pose>Unspecified</pose>
    <truncated>0</truncated>
    <difficult>0</difficult>
    <bndbox>
      <xmin>1858</xmin>
      <ymin>2120</ymin>
      <xmax>2187</xmax>
      <ymax>2401</ymax>
    </bndbox>
  </object>
  <object>
    <name>stamp</name>
    <pose>Unspecified</pose>
    <truncated>0</truncated>
    <difficult>0</difficult>
    <bndbox>
      <xmin>1027</xmin>
      <ymin>2311</ymin>
      <xmax>1535</xmax>
      <ymax>2979</ymax>
    </bndbox>
  </object>
</annotation>