<annotation>
  <folder>input</folder>
  <filename>image (1247).png</filename>
  <path>C:\Users\Admin\OpenLabeling-master-main\main\input\image (1247).png</path>
  <source>
    <database>Unknown</database>
  </source>
  <size>
    <width>2468</width>
    <height>3480</height>
    <depth>3</depth>
  </size>
  <segmented>0</segmented>
  <object>
    <name>signature</name>
    <pose>Unspecified</pose>
    <truncated>0</truncated>
    <difficult>0</difficult>
    <bndbox>
      <xmin>1556</xmin>
      <ymin>2051</ymin>
      <xmax>1984</xmax>
      <ymax>2297</ymax>
    </bndbox>
  </object>
  <object>
    <name>stamp</name>
    <pose>Unspecified</pose>
    <truncated>0</truncated>
    <difficult>0</difficult>
    <bndbox>
      <xmin>920</xmin>
      <ymin>2079</ymin>
      <xmax>1333</xmax>
      <ymax>2745</ymax>
    </bndbox>
  </object>
</annotation>