<annotation>
  <folder>input</folder>
  <filename>image (1393).png</filename>
  <path>C:\Users\Admin\OpenLabeling-master-main\main\input\image (1393).png</path>
  <source>
    <database>Unknown</database>
  </source>
  <size>
    <width>2476</width>
    <height>3476</height>
    <depth>3</depth>
  </size>
  <segmented>0</segmented>
  <object>
    <name>signature</name>
    <pose>Unspecified</pose>
    <truncated>0</truncated>
    <difficult>0</difficult>
    <bndbox>
      <xmin>1553</xmin>
      <ymin>2283</ymin>
      <xmax>1869</xmax>
      <ymax>2535</ymax>
    </bndbox>
  </object>
  <object>
    <name>stamp</name>
    <pose>Unspecified</pose>
    <truncated>0</truncated>
    <difficult>0</difficult>
    <bndbox>
      <xmin>962</xmin>
      <ymin>2462</ymin>
      <xmax>1326</xmax>
      <ymax>3022</ymax>
    </bndbox>
  </object>
</annotation>