<annotation>
  <folder>input</folder>
  <filename>image (1314).png</filename>
  <path>C:\Users\Admin\OpenLabeling-master-main\main\input\image (1314).png</path>
  <source>
    <database>Unknown</database>
  </source>
  <size>
    <width>2480</width>
    <height>3476</height>
    <depth>3</depth>
  </size>
  <segmented>0</segmented>
  <object>
    <name>signature</name>
    <pose>Unspecified</pose>
    <truncated>0</truncated>
    <difficult>0</difficult>
    <bndbox>
      <xmin>1794</xmin>
      <ymin>2390</ymin>
      <xmax>2323</xmax>
      <ymax>2653</ymax>
    </bndbox>
  </object>
  <object>
    <name>stamp</name>
    <pose>Unspecified</pose>
    <truncated>0</truncated>
    <difficult>0</difficult>
    <bndbox>
      <xmin>1094</xmin>
      <ymin>2138</ymin>
      <xmax>1387</xmax>
      <ymax>2697</ymax>
    </bndbox>
  </object>
</annotation>