<annotation>
  <folder>input</folder>
  <filename>image (124).png</filename>
  <path>C:\Users\Admin\OpenLabeling-master-main\main\input\image (124).png</path>
  <source>
    <database>Unknown</database>
  </source>
  <size>
    <width>2480</width>
    <height>3484</height>
    <depth>3</depth>
  </size>
  <segmented>0</segmented>
  <object>
    <name>signature</name>
    <pose>Unspecified</pose>
    <truncated>0</truncated>
    <difficult>0</difficult>
    <bndbox>
      <xmin>300</xmin>
      <ymin>2462</ymin>
      <xmax>561</xmax>
      <ymax>2720</ymax>
    </bndbox>
  </object>
  <object>
    <name>stamp</name>
    <pose>Unspecified</pose>
    <truncated>0</truncated>
    <difficult>0</difficult>
    <bndbox>
      <xmin>1714</xmin>
      <ymin>1088</ymin>
      <xmax>1974</xmax>
      <ymax>1638</ymax>
    </bndbox>
  </object>
</annotation>