<annotation>
  <folder>input</folder>
  <filename>image (1097).png</filename>
  <path>C:\Users\Admin\OpenLabeling-master-main\main\input\image (1097).png</path>
  <source>
    <database>Unknown</database>
  </source>
  <size>
    <width>2472</width>
    <height>3480</height>
    <depth>3</depth>
  </size>
  <segmented>0</segmented>
  <object>
    <name>signature</name>
    <pose>Unspecified</pose>
    <truncated>0</truncated>
    <difficult>0</difficult>
    <bndbox>
      <xmin>790</xmin>
      <ymin>2320</ymin>
      <xmax>1207</xmax>
      <ymax>2639</ymax>
    </bndbox>
  </object>
  <object>
    <name>stamp</name>
    <pose>Unspecified</pose>
    <truncated>0</truncated>
    <difficult>0</difficult>
    <bndbox>
      <xmin>1935</xmin>
      <ymin>2157</ymin>
      <xmax>2207</xmax>
      <ymax>2605</ymax>
    </bndbox>
  </object>
</annotation>