<annotation>
  <folder>input</folder>
  <filename>image (1396).png</filename>
  <path>C:\Users\Admin\OpenLabeling-master-main\main\input\image (1396).png</path>
  <source>
    <database>Unknown</database>
  </source>
  <size>
    <width>2476</width>
    <height>3480</height>
    <depth>3</depth>
  </size>
  <segmented>0</segmented>
  <object>
    <name>signature</name>
    <pose>Unspecified</pose>
    <truncated>0</truncated>
    <difficult>0</difficult>
    <bndbox>
      <xmin>1697</xmin>
      <ymin>2729</ymin>
      <xmax>2112</xmax>
      <ymax>2936</ymax>
    </bndbox>
  </object>
  <object>
    <name>stamp</name>
    <pose>Unspecified</pose>
    <truncated>0</truncated>
    <difficult>0</difficult>
    <bndbox>
      <xmin>689</xmin>
      <ymin>2701</ymin>
      <xmax>1065</xmax>
      <ymax>3154</ymax>
    </bndbox>
  </object>
</annotation>