<annotation>
  <folder>input</folder>
  <filename>image (123).png</filename>
  <path>C:\Users\Admin\OpenLabeling-master-main\main\input\image (123).png</path>
  <source>
    <database>Unknown</database>
  </source>
  <size>
    <width>2484</width>
    <height>3480</height>
    <depth>3</depth>
  </size>
  <segmented>0</segmented>
  <object>
    <name>signature</name>
    <pose>Unspecified</pose>
    <truncated>0</truncated>
    <difficult>0</difficult>
    <bndbox>
      <xmin>315</xmin>
      <ymin>2426</ymin>
      <xmax>469</xmax>
      <ymax>2622</ymax>
    </bndbox>
  </object>
  <object>
    <name>stamp</name>
    <pose>Unspecified</pose>
    <truncated>0</truncated>
    <difficult>0</difficult>
    <bndbox>
      <xmin>1757</xmin>
      <ymin>1053</ymin>
      <xmax>2015</xmax>
      <ymax>1529</ymax>
    </bndbox>
  </object>
</annotation>