<annotation>
  <folder>input</folder>
  <filename>image (1162).png</filename>
  <path>C:\Users\Admin\OpenLabeling-master-main\main\input\image (1162).png</path>
  <source>
    <database>Unknown</database>
  </source>
  <size>
    <width>2476</width>
    <height>3476</height>
    <depth>3</depth>
  </size>
  <segmented>0</segmented>
  <object>
    <name>signature</name>
    <pose>Unspecified</pose>
    <truncated>0</truncated>
    <difficult>0</difficult>
    <bndbox>
      <xmin>1575</xmin>
      <ymin>2558</ymin>
      <xmax>1793</xmax>
      <ymax>2832</ymax>
    </bndbox>
  </object>
  <object>
    <name>stamp</name>
    <pose>Unspecified</pose>
    <truncated>0</truncated>
    <difficult>0</difficult>
    <bndbox>
      <xmin>1493</xmin>
      <ymin>3039</ymin>
      <xmax>1800</xmax>
      <ymax>3436</ymax>
    </bndbox>
  </object>
</annotation>