<annotation>
  <folder>input</folder>
  <filename>image (1023).png</filename>
  <path>C:\Users\Admin\OpenLabeling-master-main\main\input\image (1023).png</path>
  <source>
    <database>Unknown</database>
  </source>
  <size>
    <width>2472</width>
    <height>3480</height>
    <depth>3</depth>
  </size>
  <segmented>0</segmented>
  <object>
    <name>signature</name>
    <pose>Unspecified</pose>
    <truncated>0</truncated>
    <difficult>0</difficult>
    <bndbox>
      <xmin>1732</xmin>
      <ymin>2605</ymin>
      <xmax>2279</xmax>
      <ymax>2902</ymax>
    </bndbox>
  </object>
  <object>
    <name>stamp</name>
    <pose>Unspecified</pose>
    <truncated>0</truncated>
    <difficult>0</difficult>
    <bndbox>
      <xmin>931</xmin>
      <ymin>2605</ymin>
      <xmax>1453</xmax>
      <ymax>3250</ymax>
    </bndbox>
  </object>
</annotation>