<annotation>
  <folder>input</folder>
  <filename>image (1055).png</filename>
  <path>C:\Users\Admin\OpenLabeling-master-main\main\input\image (1055).png</path>
  <source>
    <database>Unknown</database>
  </source>
  <size>
    <width>2476</width>
    <height>3480</height>
    <depth>3</depth>
  </size>
  <segmented>0</segmented>
  <object>
    <name>signature</name>
    <pose>Unspecified</pose>
    <truncated>0</truncated>
    <difficult>0</difficult>
    <bndbox>
      <xmin>1795</xmin>
      <ymin>2577</ymin>
      <xmax>2082</xmax>
      <ymax>2863</ymax>
    </bndbox>
  </object>
  <object>
    <name>stamp</name>
    <pose>Unspecified</pose>
    <truncated>0</truncated>
    <difficult>0</difficult>
    <bndbox>
      <xmin>789</xmin>
      <ymin>2409</ymin>
      <xmax>1339</xmax>
      <ymax>3087</ymax>
    </bndbox>
  </object>
</annotation>