<annotation>
  <folder>input</folder>
  <filename>image (1430).png</filename>
  <path>C:\Users\Admin\OpenLabeling-master-main\main\input\image (1430).png</path>
  <source>
    <database>Unknown</database>
  </source>
  <size>
    <width>2480</width>
    <height>3480</height>
    <depth>3</depth>
  </size>
  <segmented>0</segmented>
  <object>
    <name>signature</name>
    <pose>Unspecified</pose>
    <truncated>0</truncated>
    <difficult>0</difficult>
    <bndbox>
      <xmin>458</xmin>
      <ymin>2476</ymin>
      <xmax>716</xmax>
      <ymax>2695</ymax>
    </bndbox>
  </object>
  <object>
    <name>stamp</name>
    <pose>Unspecified</pose>
    <truncated>0</truncated>
    <difficult>0</difficult>
    <bndbox>
      <xmin>727</xmin>
      <ymin>2549</ymin>
      <xmax>1020</xmax>
      <ymax>2869</ymax>
    </bndbox>
  </object>
</annotation>