<annotation>
  <folder>input</folder>
  <filename>image (1402).png</filename>
  <path>C:\Users\Admin\OpenLabeling-master-main\main\input\image (1402).png</path>
  <source>
    <database>Unknown</database>
  </source>
  <size>
    <width>2472</width>
    <height>3480</height>
    <depth>3</depth>
  </size>
  <segmented>0</segmented>
  <object>
    <name>signature</name>
    <pose>Unspecified</pose>
    <truncated>0</truncated>
    <difficult>0</difficult>
    <bndbox>
      <xmin>1593</xmin>
      <ymin>2745</ymin>
      <xmax>2067</xmax>
      <ymax>2981</ymax>
    </bndbox>
  </object>
  <object>
    <name>stamp</name>
    <pose>Unspecified</pose>
    <truncated>0</truncated>
    <difficult>0</difficult>
    <bndbox>
      <xmin>1580</xmin>
      <ymin>3009</ymin>
      <xmax>1944</xmax>
      <ymax>3429</ymax>
    </bndbox>
  </object>
</annotation>