<annotation>
  <folder>input</folder>
  <filename>image (1283).png</filename>
  <path>C:\Users\Admin\OpenLabeling-master-main\main\input\image (1283).png</path>
  <source>
    <database>Unknown</database>
  </source>
  <size>
    <width>2480</width>
    <height>3484</height>
    <depth>3</depth>
  </size>
  <segmented>0</segmented>
  <object>
    <name>signature</name>
    <pose>Unspecified</pose>
    <truncated>0</truncated>
    <difficult>0</difficult>
    <bndbox>
      <xmin>1916</xmin>
      <ymin>2373</ymin>
      <xmax>2169</xmax>
      <ymax>2620</ymax>
    </bndbox>
  </object>
  <object>
    <name>stamp</name>
    <pose>Unspecified</pose>
    <truncated>0</truncated>
    <difficult>0</difficult>
    <bndbox>
      <xmin>705</xmin>
      <ymin>2333</ymin>
      <xmax>1212</xmax>
      <ymax>3096</ymax>
    </bndbox>
  </object>
</annotation>