<annotation>
  <folder>input</folder>
  <filename>image (1379).png</filename>
  <path>C:\Users\Admin\OpenLabeling-master-main\main\input\image (1379).png</path>
  <source>
    <database>Unknown</database>
  </source>
  <size>
    <width>2476</width>
    <height>3484</height>
    <depth>3</depth>
  </size>
  <segmented>0</segmented>
  <object>
    <name>signature</name>
    <pose>Unspecified</pose>
    <truncated>0</truncated>
    <difficult>0</difficult>
    <bndbox>
      <xmin>1601</xmin>
      <ymin>2681</ymin>
      <xmax>1907</xmax>
      <ymax>2973</ymax>
    </bndbox>
  </object>
  <object>
    <name>stamp</name>
    <pose>Unspecified</pose>
    <truncated>0</truncated>
    <difficult>0</difficult>
    <bndbox>
      <xmin>334</xmin>
      <ymin>2715</ymin>
      <xmax>633</xmax>
      <ymax>3141</ymax>
    </bndbox>
  </object>
</annotation>