<annotation>
  <folder>input</folder>
  <filename>image (1138).png</filename>
  <path>C:\Users\Admin\OpenLabeling-master-main\main\input\image (1138).png</path>
  <source>
    <database>Unknown</database>
  </source>
  <size>
    <width>2472</width>
    <height>3484</height>
    <depth>3</depth>
  </size>
  <segmented>0</segmented>
  <object>
    <name>signature</name>
    <pose>Unspecified</pose>
    <truncated>0</truncated>
    <difficult>0</difficult>
    <bndbox>
      <xmin>1792</xmin>
      <ymin>2715</ymin>
      <xmax>2247</xmax>
      <ymax>2956</ymax>
    </bndbox>
  </object>
  <object>
    <name>stamp</name>
    <pose>Unspecified</pose>
    <truncated>0</truncated>
    <difficult>0</difficult>
    <bndbox>
      <xmin>1089</xmin>
      <ymin>2749</ymin>
      <xmax>1446</xmax>
      <ymax>3203</ymax>
    </bndbox>
  </object>
</annotation>