<annotation>
  <folder>input</folder>
  <filename>image (1131).png</filename>
  <path>C:\Users\Admin\OpenLabeling-master-main\main\input\image (1131).png</path>
  <source>
    <database>Unknown</database>
  </source>
  <size>
    <width>2480</width>
    <height>3484</height>
    <depth>3</depth>
  </size>
  <segmented>0</segmented>
  <object>
    <name>signature</name>
    <pose>Unspecified</pose>
    <truncated>0</truncated>
    <difficult>0</difficult>
    <bndbox>
      <xmin>1649</xmin>
      <ymin>2479</ymin>
      <xmax>2298</xmax>
      <ymax>2698</ymax>
    </bndbox>
  </object>
  <object>
    <name>stamp</name>
    <pose>Unspecified</pose>
    <truncated>0</truncated>
    <difficult>0</difficult>
    <bndbox>
      <xmin>1821</xmin>
      <ymin>2788</ymin>
      <xmax>2207</xmax>
      <ymax>3282</ymax>
    </bndbox>
  </object>
</annotation>