<annotation>
  <folder>input</folder>
  <filename>image (1256).png</filename>
  <path>C:\Users\Admin\OpenLabeling-master-main\main\input\image (1256).png</path>
  <source>
    <database>Unknown</database>
  </source>
  <size>
    <width>2476</width>
    <height>3484</height>
    <depth>3</depth>
  </size>
  <segmented>0</segmented>
  <object>
    <name>signature</name>
    <pose>Unspecified</pose>
    <truncated>0</truncated>
    <difficult>0</difficult>
    <bndbox>
      <xmin>306</xmin>
      <ymin>2328</ymin>
      <xmax>927</xmax>
      <ymax>2580</ymax>
    </bndbox>
  </object>
  <object>
    <name>stamp</name>
    <pose>Unspecified</pose>
    <truncated>0</truncated>
    <difficult>0</difficult>
    <bndbox>
      <xmin>758</xmin>
      <ymin>2945</ymin>
      <xmax>1105</xmax>
      <ymax>3242</ymax>
    </bndbox>
  </object>
</annotation>