<annotation>
  <folder>input</folder>
  <filename>image (1235).png</filename>
  <path>C:\Users\Admin\OpenLabeling-master-main\main\input\image (1235).png</path>
  <source>
    <database>Unknown</database>
  </source>
  <size>
    <width>2476</width>
    <height>3484</height>
    <depth>3</depth>
  </size>
  <segmented>0</segmented>
  <object>
    <name>signature</name>
    <pose>Unspecified</pose>
    <truncated>0</truncated>
    <difficult>0</difficult>
    <bndbox>
      <xmin>1608</xmin>
      <ymin>2300</ymin>
      <xmax>1873</xmax>
      <ymax>2462</ymax>
    </bndbox>
  </object>
  <object>
    <name>stamp</name>
    <pose>Unspecified</pose>
    <truncated>0</truncated>
    <difficult>0</difficult>
    <bndbox>
      <xmin>1512</xmin>
      <ymin>2502</ymin>
      <xmax>1864</xmax>
      <ymax>2844</ymax>
    </bndbox>
  </object>
</annotation>