<annotation>
  <folder>input</folder>
  <filename>image (1413).png</filename>
  <path>C:\Users\Admin\OpenLabeling-master-main\main\input\image (1413).png</path>
  <source>
    <database>Unknown</database>
  </source>
  <size>
    <width>2472</width>
    <height>3480</height>
    <depth>3</depth>
  </size>
  <segmented>0</segmented>
  <object>
    <name>signature</name>
    <pose>Unspecified</pose>
    <truncated>0</truncated>
    <difficult>0</difficult>
    <bndbox>
      <xmin>1033</xmin>
      <ymin>2684</ymin>
      <xmax>1738</xmax>
      <ymax>2970</ymax>
    </bndbox>
  </object>
  <object>
    <name>stamp</name>
    <pose>Unspecified</pose>
    <truncated>0</truncated>
    <difficult>0</difficult>
    <bndbox>
      <xmin>1150</xmin>
      <ymin>2908</ymin>
      <xmax>1500</xmax>
      <ymax>3283</ymax>
    </bndbox>
  </object>
</annotation>