<annotation>
  <folder>input</folder>
  <filename>image (1116).png</filename>
  <path>C:\Users\Admin\OpenLabeling-master-main\main\input\image (1116).png</path>
  <source>
    <database>Unknown</database>
  </source>
  <size>
    <width>2472</width>
    <height>3480</height>
    <depth>3</depth>
  </size>
  <segmented>0</segmented>
  <object>
    <name>signature</name>
    <pose>Unspecified</pose>
    <truncated>0</truncated>
    <difficult>0</difficult>
    <bndbox>
      <xmin>927</xmin>
      <ymin>2437</ymin>
      <xmax>1502</xmax>
      <ymax>2712</ymax>
    </bndbox>
  </object>
  <object>
    <name>stamp</name>
    <pose>Unspecified</pose>
    <truncated>0</truncated>
    <difficult>0</difficult>
    <bndbox>
      <xmin>1638</xmin>
      <ymin>2426</ymin>
      <xmax>1915</xmax>
      <ymax>2863</ymax>
    </bndbox>
  </object>
</annotation>