<annotation>
  <folder>input</folder>
  <filename>image (1085).png</filename>
  <path>C:\Users\Admin\OpenLabeling-master-main\main\input\image (1085).png</path>
  <source>
    <database>Unknown</database>
  </source>
  <size>
    <width>2488</width>
    <height>3504</height>
    <depth>3</depth>
  </size>
  <segmented>0</segmented>
  <object>
    <name>signature</name>
    <pose>Unspecified</pose>
    <truncated>0</truncated>
    <difficult>0</difficult>
    <bndbox>
      <xmin>751</xmin>
      <ymin>1856</ymin>
      <xmax>1103</xmax>
      <ymax>2234</ymax>
    </bndbox>
  </object>
  <object>
    <name>stamp</name>
    <pose>Unspecified</pose>
    <truncated>0</truncated>
    <difficult>0</difficult>
    <bndbox>
      <xmin>156</xmin>
      <ymin>2036</ymin>
      <xmax>454</xmax>
      <ymax>2544</ymax>
    </bndbox>
  </object>
</annotation>