<annotation>
  <folder>input</folder>
  <filename>image (1351).png</filename>
  <path>C:\Users\Admin\OpenLabeling-master-main\main\input\image (1351).png</path>
  <source>
    <database>Unknown</database>
  </source>
  <size>
    <width>2468</width>
    <height>3484</height>
    <depth>3</depth>
  </size>
  <segmented>0</segmented>
  <object>
    <name>signature</name>
    <pose>Unspecified</pose>
    <truncated>0</truncated>
    <difficult>0</difficult>
    <bndbox>
      <xmin>396</xmin>
      <ymin>2131</ymin>
      <xmax>794</xmax>
      <ymax>2384</ymax>
    </bndbox>
  </object>
  <object>
    <name>stamp</name>
    <pose>Unspecified</pose>
    <truncated>0</truncated>
    <difficult>0</difficult>
    <bndbox>
      <xmin>1302</xmin>
      <ymin>2227</ymin>
      <xmax>1964</xmax>
      <ymax>2956</ymax>
    </bndbox>
  </object>
</annotation>