<annotation>
  <folder>input</folder>
  <filename>image (1121).png</filename>
  <path>C:\Users\Admin\OpenLabeling-master-main\main\input\image (1121).png</path>
  <source>
    <database>Unknown</database>
  </source>
  <size>
    <width>2476</width>
    <height>3484</height>
    <depth>3</depth>
  </size>
  <segmented>0</segmented>
  <object>
    <name>signature</name>
    <pose>Unspecified</pose>
    <truncated>0</truncated>
    <difficult>0</difficult>
    <bndbox>
      <xmin>1880</xmin>
      <ymin>2389</ymin>
      <xmax>2149</xmax>
      <ymax>2591</ymax>
    </bndbox>
  </object>
  <object>
    <name>stamp</name>
    <pose>Unspecified</pose>
    <truncated>0</truncated>
    <difficult>0</difficult>
    <bndbox>
      <xmin>1183</xmin>
      <ymin>2474</ymin>
      <xmax>1526</xmax>
      <ymax>2883</ymax>
    </bndbox>
  </object>
</annotation>