<annotation>
  <folder>input</folder>
  <filename>image (1370).png</filename>
  <path>C:\Users\Admin\OpenLabeling-master-main\main\input\image (1370).png</path>
  <source>
    <database>Unknown</database>
  </source>
  <size>
    <width>2468</width>
    <height>3480</height>
    <depth>3</depth>
  </size>
  <segmented>0</segmented>
  <object>
    <name>signature</name>
    <pose>Unspecified</pose>
    <truncated>0</truncated>
    <difficult>0</difficult>
    <bndbox>
      <xmin>284</xmin>
      <ymin>2549</ymin>
      <xmax>866</xmax>
      <ymax>2813</ymax>
    </bndbox>
  </object>
  <object>
    <name>stamp</name>
    <pose>Unspecified</pose>
    <truncated>0</truncated>
    <difficult>0</difficult>
    <bndbox>
      <xmin>624</xmin>
      <ymin>2829</ymin>
      <xmax>1290</xmax>
      <ymax>3423</ymax>
    </bndbox>
  </object>
</annotation>