<annotation>
  <folder>input</folder>
  <filename>image (1260).png</filename>
  <path>C:\Users\Admin\OpenLabeling-master-main\main\input\image (1260).png</path>
  <source>
    <database>Unknown</database>
  </source>
  <size>
    <width>2476</width>
    <height>3476</height>
    <depth>3</depth>
  </size>
  <segmented>0</segmented>
  <object>
    <name>signature</name>
    <pose>Unspecified</pose>
    <truncated>0</truncated>
    <difficult>0</difficult>
    <bndbox>
      <xmin>321</xmin>
      <ymin>2194</ymin>
      <xmax>455</xmax>
      <ymax>2423</ymax>
    </bndbox>
  </object>
  <object>
    <name>stamp</name>
    <pose>Unspecified</pose>
    <truncated>0</truncated>
    <difficult>0</difficult>
    <bndbox>
      <xmin>1880</xmin>
      <ymin>2837</ymin>
      <xmax>2201</xmax>
      <ymax>3112</ymax>
    </bndbox>
  </object>
</annotation>