<annotation>
  <folder>input</folder>
  <filename>image (1123).png</filename>
  <path>C:\Users\Admin\OpenLabeling-master-main\main\input\image (1123).png</path>
  <source>
    <database>Unknown</database>
  </source>
  <size>
    <width>2476</width>
    <height>3472</height>
    <depth>3</depth>
  </size>
  <segmented>0</segmented>
  <object>
    <name>signature</name>
    <pose>Unspecified</pose>
    <truncated>0</truncated>
    <difficult>0</difficult>
    <bndbox>
      <xmin>1869</xmin>
      <ymin>2325</ymin>
      <xmax>2221</xmax>
      <ymax>2571</ymax>
    </bndbox>
  </object>
  <object>
    <name>stamp</name>
    <pose>Unspecified</pose>
    <truncated>0</truncated>
    <difficult>0</difficult>
    <bndbox>
      <xmin>1228</xmin>
      <ymin>2387</ymin>
      <xmax>1579</xmax>
      <ymax>2845</ymax>
    </bndbox>
  </object>
</annotation>