<annotation>
  <folder>input</folder>
  <filename>image (1220).png</filename>
  <path>C:\Users\Admin\OpenLabeling-master-main\main\input\image (1220).png</path>
  <source>
    <database>Unknown</database>
  </source>
  <size>
    <width>2476</width>
    <height>3476</height>
    <depth>3</depth>
  </size>
  <segmented>0</segmented>
  <object>
    <name>signature</name>
    <pose>Unspecified</pose>
    <truncated>0</truncated>
    <difficult>0</difficult>
    <bndbox>
      <xmin>1617</xmin>
      <ymin>2216</ymin>
      <xmax>1904</xmax>
      <ymax>2401</ymax>
    </bndbox>
  </object>
  <object>
    <name>stamp</name>
    <pose>Unspecified</pose>
    <truncated>0</truncated>
    <difficult>0</difficult>
    <bndbox>
      <xmin>1310</xmin>
      <ymin>2395</ymin>
      <xmax>1668</xmax>
      <ymax>2809</ymax>
    </bndbox>
  </object>
</annotation>