<annotation>
  <folder>input</folder>
  <filename>image (1296).png</filename>
  <path>C:\Users\Admin\OpenLabeling-master-main\main\input\image (1296).png</path>
  <source>
    <database>Unknown</database>
  </source>
  <size>
    <width>2480</width>
    <height>3476</height>
    <depth>3</depth>
  </size>
  <segmented>0</segmented>
  <object>
    <name>signature</name>
    <pose>Unspecified</pose>
    <truncated>0</truncated>
    <difficult>0</difficult>
    <bndbox>
      <xmin>1829</xmin>
      <ymin>2401</ymin>
      <xmax>2280</xmax>
      <ymax>2669</ymax>
    </bndbox>
  </object>
  <object>
    <name>stamp</name>
    <pose>Unspecified</pose>
    <truncated>0</truncated>
    <difficult>0</difficult>
    <bndbox>
      <xmin>821</xmin>
      <ymin>2238</ymin>
      <xmax>1323</xmax>
      <ymax>2949</ymax>
    </bndbox>
  </object>
</annotation>