<annotation>
  <folder>input</folder>
  <filename>image (110).png</filename>
  <path>C:\Users\Admin\OpenLabeling-master-main\main\input\image (110).png</path>
  <source>
    <database>Unknown</database>
  </source>
  <size>
    <width>2476</width>
    <height>3476</height>
    <depth>3</depth>
  </size>
  <segmented>0</segmented>
  <object>
    <name>signature</name>
    <pose>Unspecified</pose>
    <truncated>0</truncated>
    <difficult>0</difficult>
    <bndbox>
      <xmin>286</xmin>
      <ymin>2608</ymin>
      <xmax>686</xmax>
      <ymax>2860</ymax>
    </bndbox>
  </object>
  <object>
    <name>stamp</name>
    <pose>Unspecified</pose>
    <truncated>0</truncated>
    <difficult>0</difficult>
    <bndbox>
      <xmin>1689</xmin>
      <ymin>2530</ymin>
      <xmax>1964</xmax>
      <ymax>3017</ymax>
    </bndbox>
  </object>
</annotation>