<annotation>
  <folder>input</folder>
  <filename>image (1397).png</filename>
  <path>C:\Users\Admin\OpenLabeling-master-main\main\input\image (1397).png</path>
  <source>
    <database>Unknown</database>
  </source>
  <size>
    <width>2476</width>
    <height>3480</height>
    <depth>3</depth>
  </size>
  <segmented>0</segmented>
  <object>
    <name>signature</name>
    <pose>Unspecified</pose>
    <truncated>0</truncated>
    <difficult>0</difficult>
    <bndbox>
      <xmin>1744</xmin>
      <ymin>2751</ymin>
      <xmax>1887</xmax>
      <ymax>2958</ymax>
    </bndbox>
  </object>
  <object>
    <name>stamp</name>
    <pose>Unspecified</pose>
    <truncated>0</truncated>
    <difficult>0</difficult>
    <bndbox>
      <xmin>947</xmin>
      <ymin>2701</ymin>
      <xmax>1303</xmax>
      <ymax>3255</ymax>
    </bndbox>
  </object>
</annotation>