<annotation>
  <folder>input</folder>
  <filename>image (1173).png</filename>
  <path>C:\Users\Admin\OpenLabeling-master-main\main\input\image (1173).png</path>
  <source>
    <database>Unknown</database>
  </source>
  <size>
    <width>2476</width>
    <height>3480</height>
    <depth>3</depth>
  </size>
  <segmented>0</segmented>
  <object>
    <name>signature</name>
    <pose>Unspecified</pose>
    <truncated>0</truncated>
    <difficult>0</difficult>
    <bndbox>
      <xmin>1443</xmin>
      <ymin>2409</ymin>
      <xmax>1882</xmax>
      <ymax>2633</ymax>
    </bndbox>
  </object>
  <object>
    <name>stamp</name>
    <pose>Unspecified</pose>
    <truncated>0</truncated>
    <difficult>0</difficult>
    <bndbox>
      <xmin>983</xmin>
      <ymin>2392</ymin>
      <xmax>1288</xmax>
      <ymax>2813</ymax>
    </bndbox>
  </object>
</annotation>