<annotation>
  <folder>input</folder>
  <filename>image (1197).png</filename>
  <path>C:\Users\Admin\OpenLabeling-master-main\main\input\image (1197).png</path>
  <source>
    <database>Unknown</database>
  </source>
  <size>
    <width>2480</width>
    <height>3472</height>
    <depth>3</depth>
  </size>
  <segmented>0</segmented>
  <object>
    <name>signature</name>
    <pose>Unspecified</pose>
    <truncated>0</truncated>
    <difficult>0</difficult>
    <bndbox>
      <xmin>260</xmin>
      <ymin>2348</ymin>
      <xmax>500</xmax>
      <ymax>2594</ymax>
    </bndbox>
  </object>
  <object>
    <name>stamp</name>
    <pose>Unspecified</pose>
    <truncated>0</truncated>
    <difficult>0</difficult>
    <bndbox>
      <xmin>1483</xmin>
      <ymin>2275</ymin>
      <xmax>1794</xmax>
      <ymax>2767</ymax>
    </bndbox>
  </object>
</annotation>