<annotation>
  <folder>input</folder>
  <filename>image (1354).png</filename>
  <path>C:\Users\Admin\OpenLabeling-master-main\main\input\image (1354).png</path>
  <source>
    <database>Unknown</database>
  </source>
  <size>
    <width>2476</width>
    <height>3484</height>
    <depth>3</depth>
  </size>
  <segmented>0</segmented>
  <object>
    <name>signature</name>
    <pose>Unspecified</pose>
    <truncated>0</truncated>
    <difficult>0</difficult>
    <bndbox>
      <xmin>308</xmin>
      <ymin>2176</ymin>
      <xmax>564</xmax>
      <ymax>2367</ymax>
    </bndbox>
  </object>
  <object>
    <name>stamp</name>
    <pose>Unspecified</pose>
    <truncated>0</truncated>
    <difficult>0</difficult>
    <bndbox>
      <xmin>1241</xmin>
      <ymin>2176</ymin>
      <xmax>1846</xmax>
      <ymax>2951</ymax>
    </bndbox>
  </object>
</annotation>