<annotation>
  <folder>input</folder>
  <filename>image (121).png</filename>
  <path>C:\Users\Admin\OpenLabeling-master-main\main\input\image (121).png</path>
  <source>
    <database>Unknown</database>
  </source>
  <size>
    <width>2476</width>
    <height>3484</height>
    <depth>3</depth>
  </size>
  <segmented>0</segmented>
  <object>
    <name>signature</name>
    <pose>Unspecified</pose>
    <truncated>0</truncated>
    <difficult>0</difficult>
    <bndbox>
      <xmin>263</xmin>
      <ymin>2289</ymin>
      <xmax>531</xmax>
      <ymax>2502</ymax>
    </bndbox>
  </object>
  <object>
    <name>stamp</name>
    <pose>Unspecified</pose>
    <truncated>0</truncated>
    <difficult>0</difficult>
    <bndbox>
      <xmin>1753</xmin>
      <ymin>987</ymin>
      <xmax>2087</xmax>
      <ymax>1419</ymax>
    </bndbox>
  </object>
</annotation>