<annotation>
  <folder>input</folder>
  <filename>image (1176).png</filename>
  <path>C:\Users\Admin\OpenLabeling-master-main\main\input\image (1176).png</path>
  <source>
    <database>Unknown</database>
  </source>
  <size>
    <width>2476</width>
    <height>3476</height>
    <depth>3</depth>
  </size>
  <segmented>0</segmented>
  <object>
    <name>signature</name>
    <pose>Unspecified</pose>
    <truncated>0</truncated>
    <difficult>0</difficult>
    <bndbox>
      <xmin>1497</xmin>
      <ymin>2367</ymin>
      <xmax>1987</xmax>
      <ymax>2602</ymax>
    </bndbox>
  </object>
  <object>
    <name>stamp</name>
    <pose>Unspecified</pose>
    <truncated>0</truncated>
    <difficult>0</difficult>
    <bndbox>
      <xmin>1379</xmin>
      <ymin>2804</ymin>
      <xmax>1691</xmax>
      <ymax>3246</ymax>
    </bndbox>
  </object>
</annotation>