<annotation>
  <folder>input</folder>
  <filename>image (1027).png</filename>
  <path>C:\Users\Admin\OpenLabeling-master-main\main\input\image (1027).png</path>
  <source>
    <database>Unknown</database>
  </source>
  <size>
    <width>2476</width>
    <height>3484</height>
    <depth>3</depth>
  </size>
  <segmented>0</segmented>
  <object>
    <name>signature</name>
    <pose>Unspecified</pose>
    <truncated>0</truncated>
    <difficult>0</difficult>
    <bndbox>
      <xmin>1606</xmin>
      <ymin>2468</ymin>
      <xmax>2263</xmax>
      <ymax>2749</ymax>
    </bndbox>
  </object>
  <object>
    <name>stamp</name>
    <pose>Unspecified</pose>
    <truncated>0</truncated>
    <difficult>0</difficult>
    <bndbox>
      <xmin>540</xmin>
      <ymin>2418</ymin>
      <xmax>1120</xmax>
      <ymax>2833</ymax>
    </bndbox>
  </object>
</annotation>