<annotation>
  <folder>input</folder>
  <filename>image (1265).png</filename>
  <path>C:\Users\Admin\OpenLabeling-master-main\main\input\image (1265).png</path>
  <source>
    <database>Unknown</database>
  </source>
  <size>
    <width>2468</width>
    <height>3480</height>
    <depth>3</depth>
  </size>
  <segmented>0</segmented>
  <object>
    <name>signature</name>
    <pose>Unspecified</pose>
    <truncated>0</truncated>
    <difficult>0</difficult>
    <bndbox>
      <xmin>240</xmin>
      <ymin>2258</ymin>
      <xmax>544</xmax>
      <ymax>2516</ymax>
    </bndbox>
  </object>
  <object>
    <name>stamp</name>
    <pose>Unspecified</pose>
    <truncated>0</truncated>
    <difficult>0</difficult>
    <bndbox>
      <xmin>1228</xmin>
      <ymin>2902</ymin>
      <xmax>1568</xmax>
      <ymax>3205</ymax>
    </bndbox>
  </object>
</annotation>