<annotation>
  <folder>input</folder>
  <filename>image (1029).png</filename>
  <path>C:\Users\Admin\OpenLabeling-master-main\main\input\image (1029).png</path>
  <source>
    <database>Unknown</database>
  </source>
  <size>
    <width>2476</width>
    <height>3472</height>
    <depth>3</depth>
  </size>
  <segmented>0</segmented>
  <object>
    <name>signature</name>
    <pose>Unspecified</pose>
    <truncated>0</truncated>
    <difficult>0</difficult>
    <bndbox>
      <xmin>1702</xmin>
      <ymin>2532</ymin>
      <xmax>2029</xmax>
      <ymax>2750</ymax>
    </bndbox>
  </object>
  <object>
    <name>stamp</name>
    <pose>Unspecified</pose>
    <truncated>0</truncated>
    <difficult>0</difficult>
    <bndbox>
      <xmin>580</xmin>
      <ymin>2487</ymin>
      <xmax>1150</xmax>
      <ymax>2985</ymax>
    </bndbox>
  </object>
</annotation>