<annotation>
  <folder>input</folder>
  <filename>image (1359).png</filename>
  <path>C:\Users\Admin\OpenLabeling-master-main\main\input\image (1359).png</path>
  <source>
    <database>Unknown</database>
  </source>
  <size>
    <width>2468</width>
    <height>3476</height>
    <depth>3</depth>
  </size>
  <segmented>0</segmented>
  <object>
    <name>signature</name>
    <pose>Unspecified</pose>
    <truncated>0</truncated>
    <difficult>0</difficult>
    <bndbox>
      <xmin>235</xmin>
      <ymin>2026</ymin>
      <xmax>521</xmax>
      <ymax>2261</ymax>
    </bndbox>
  </object>
  <object>
    <name>stamp</name>
    <pose>Unspecified</pose>
    <truncated>0</truncated>
    <difficult>0</difficult>
    <bndbox>
      <xmin>1118</xmin>
      <ymin>2373</ymin>
      <xmax>1722</xmax>
      <ymax>3072</ymax>
    </bndbox>
  </object>
</annotation>