<annotation>
  <folder>input</folder>
  <filename>image (1159).png</filename>
  <path>C:\Users\Admin\OpenLabeling-master-main\main\input\image (1159).png</path>
  <source>
    <database>Unknown</database>
  </source>
  <size>
    <width>2476</width>
    <height>3480</height>
    <depth>3</depth>
  </size>
  <segmented>0</segmented>
  <object>
    <name>signature</name>
    <pose>Unspecified</pose>
    <truncated>0</truncated>
    <difficult>0</difficult>
    <bndbox>
      <xmin>1492</xmin>
      <ymin>2611</ymin>
      <xmax>1864</xmax>
      <ymax>2852</ymax>
    </bndbox>
  </object>
  <object>
    <name>stamp</name>
    <pose>Unspecified</pose>
    <truncated>0</truncated>
    <difficult>0</difficult>
    <bndbox>
      <xmin>1490</xmin>
      <ymin>2975</ymin>
      <xmax>1804</xmax>
      <ymax>3306</ymax>
    </bndbox>
  </object>
</annotation>