<annotation>
  <folder>input</folder>
  <filename>image (1403).png</filename>
  <path>C:\Users\Admin\OpenLabeling-master-main\main\input\image (1403).png</path>
  <source>
    <database>Unknown</database>
  </source>
  <size>
    <width>2484</width>
    <height>3480</height>
    <depth>3</depth>
  </size>
  <segmented>0</segmented>
  <object>
    <name>signature</name>
    <pose>Unspecified</pose>
    <truncated>0</truncated>
    <difficult>0</difficult>
    <bndbox>
      <xmin>1806</xmin>
      <ymin>2667</ymin>
      <xmax>2114</xmax>
      <ymax>2902</ymax>
    </bndbox>
  </object>
  <object>
    <name>stamp</name>
    <pose>Unspecified</pose>
    <truncated>0</truncated>
    <difficult>0</difficult>
    <bndbox>
      <xmin>318</xmin>
      <ymin>2745</ymin>
      <xmax>673</xmax>
      <ymax>3194</ymax>
    </bndbox>
  </object>
</annotation>