<annotation>
  <folder>input</folder>
  <filename>image (1147).png</filename>
  <path>C:\Users\Admin\OpenLabeling-master-main\main\input\image (1147).png</path>
  <source>
    <database>Unknown</database>
  </source>
  <size>
    <width>2476</width>
    <height>3476</height>
    <depth>3</depth>
  </size>
  <segmented>0</segmented>
  <object>
    <name>signature</name>
    <pose>Unspecified</pose>
    <truncated>0</truncated>
    <difficult>0</difficult>
    <bndbox>
      <xmin>1842</xmin>
      <ymin>2317</ymin>
      <xmax>2005</xmax>
      <ymax>2580</ymax>
    </bndbox>
  </object>
  <object>
    <name>stamp</name>
    <pose>Unspecified</pose>
    <truncated>0</truncated>
    <difficult>0</difficult>
    <bndbox>
      <xmin>942</xmin>
      <ymin>2418</ymin>
      <xmax>1292</xmax>
      <ymax>2860</ymax>
    </bndbox>
  </object>
</annotation>