<annotation>
  <folder>input</folder>
  <filename>image (1244).png</filename>
  <path>C:\Users\Admin\OpenLabeling-master-main\main\input\image (1244).png</path>
  <source>
    <database>Unknown</database>
  </source>
  <size>
    <width>2476</width>
    <height>3484</height>
    <depth>3</depth>
  </size>
  <segmented>0</segmented>
  <object>
    <name>signature</name>
    <pose>Unspecified</pose>
    <truncated>0</truncated>
    <difficult>0</difficult>
    <bndbox>
      <xmin>1626</xmin>
      <ymin>2260</ymin>
      <xmax>1817</xmax>
      <ymax>2457</ymax>
    </bndbox>
  </object>
  <object>
    <name>stamp</name>
    <pose>Unspecified</pose>
    <truncated>0</truncated>
    <difficult>0</difficult>
    <bndbox>
      <xmin>764</xmin>
      <ymin>2547</ymin>
      <xmax>1145</xmax>
      <ymax>2962</ymax>
    </bndbox>
  </object>
</annotation>