<annotation>
  <folder>input</folder>
  <filename>image (102).png</filename>
  <path>C:\Users\Admin\OpenLabeling-master-main\main\input\image (102).png</path>
  <source>
    <database>Unknown</database>
  </source>
  <size>
    <width>2476</width>
    <height>3476</height>
    <depth>3</depth>
  </size>
  <segmented>0</segmented>
  <object>
    <name>signature</name>
    <pose>Unspecified</pose>
    <truncated>0</truncated>
    <difficult>0</difficult>
    <bndbox>
      <xmin>274</xmin>
      <ymin>2826</ymin>
      <xmax>602</xmax>
      <ymax>3112</ymax>
    </bndbox>
  </object>
  <object>
    <name>stamp</name>
    <pose>Unspecified</pose>
    <truncated>0</truncated>
    <difficult>0</difficult>
    <bndbox>
      <xmin>833</xmin>
      <ymin>2737</ymin>
      <xmax>1098</xmax>
      <ymax>3224</ymax>
    </bndbox>
  </object>
</annotation>