<annotation>
  <folder>input</folder>
  <filename>image (1041).png</filename>
  <path>C:\Users\Admin\OpenLabeling-master-main\main\input\image (1041).png</path>
  <source>
    <database>Unknown</database>
  </source>
  <size>
    <width>2476</width>
    <height>3480</height>
    <depth>3</depth>
  </size>
  <segmented>0</segmented>
  <object>
    <name>signature</name>
    <pose>Unspecified</pose>
    <truncated>0</truncated>
    <difficult>0</difficult>
    <bndbox>
      <xmin>1659</xmin>
      <ymin>2320</ymin>
      <xmax>1965</xmax>
      <ymax>2566</ymax>
    </bndbox>
  </object>
  <object>
    <name>stamp</name>
    <pose>Unspecified</pose>
    <truncated>0</truncated>
    <difficult>0</difficult>
    <bndbox>
      <xmin>680</xmin>
      <ymin>2650</ymin>
      <xmax>1248</xmax>
      <ymax>3244</ymax>
    </bndbox>
  </object>
</annotation>