<annotation>
  <folder>input</folder>
  <filename>image (1233).png</filename>
  <path>C:\Users\Admin\OpenLabeling-master-main\main\input\image (1233).png</path>
  <source>
    <database>Unknown</database>
  </source>
  <size>
    <width>2472</width>
    <height>3484</height>
    <depth>3</depth>
  </size>
  <segmented>0</segmented>
  <object>
    <name>signature</name>
    <pose>Unspecified</pose>
    <truncated>0</truncated>
    <difficult>0</difficult>
    <bndbox>
      <xmin>1580</xmin>
      <ymin>2277</ymin>
      <xmax>1959</xmax>
      <ymax>2502</ymax>
    </bndbox>
  </object>
  <object>
    <name>stamp</name>
    <pose>Unspecified</pose>
    <truncated>0</truncated>
    <difficult>0</difficult>
    <bndbox>
      <xmin>1598</xmin>
      <ymin>2558</ymin>
      <xmax>1975</xmax>
      <ymax>2945</ymax>
    </bndbox>
  </object>
</annotation>