<annotation>
  <folder>input</folder>
  <filename>image (1336).png</filename>
  <path>C:\Users\Admin\OpenLabeling-master-main\main\input\image (1336).png</path>
  <source>
    <database>Unknown</database>
  </source>
  <size>
    <width>2476</width>
    <height>3480</height>
    <depth>3</depth>
  </size>
  <segmented>0</segmented>
  <object>
    <name>signature</name>
    <pose>Unspecified</pose>
    <truncated>0</truncated>
    <difficult>0</difficult>
    <bndbox>
      <xmin>1955</xmin>
      <ymin>2555</ymin>
      <xmax>2232</xmax>
      <ymax>2762</ymax>
    </bndbox>
  </object>
  <object>
    <name>stamp</name>
    <pose>Unspecified</pose>
    <truncated>0</truncated>
    <difficult>0</difficult>
    <bndbox>
      <xmin>1149</xmin>
      <ymin>2600</ymin>
      <xmax>1664</xmax>
      <ymax>3239</ymax>
    </bndbox>
  </object>
</annotation>