<annotation>
  <folder>input</folder>
  <filename>image (1421).png</filename>
  <path>C:\Users\Admin\OpenLabeling-master-main\main\input\image (1421).png</path>
  <source>
    <database>Unknown</database>
  </source>
  <size>
    <width>2476</width>
    <height>3480</height>
    <depth>3</depth>
  </size>
  <segmented>0</segmented>
  <object>
    <name>signature</name>
    <pose>Unspecified</pose>
    <truncated>0</truncated>
    <difficult>0</difficult>
    <bndbox>
      <xmin>595</xmin>
      <ymin>2521</ymin>
      <xmax>1045</xmax>
      <ymax>2841</ymax>
    </bndbox>
  </object>
  <object>
    <name>stamp</name>
    <pose>Unspecified</pose>
    <truncated>0</truncated>
    <difficult>0</difficult>
    <bndbox>
      <xmin>953</xmin>
      <ymin>2790</ymin>
      <xmax>1296</xmax>
      <ymax>3166</ymax>
    </bndbox>
  </object>
</annotation>