<annotation>
  <folder>input</folder>
  <filename>image (1339).png</filename>
  <path>C:\Users\Admin\OpenLabeling-master-main\main\input\image (1339).png</path>
  <source>
    <database>Unknown</database>
  </source>
  <size>
    <width>2468</width>
    <height>3484</height>
    <depth>3</depth>
  </size>
  <segmented>0</segmented>
  <object>
    <name>signature</name>
    <pose>Unspecified</pose>
    <truncated>0</truncated>
    <difficult>0</difficult>
    <bndbox>
      <xmin>1849</xmin>
      <ymin>2451</ymin>
      <xmax>2207</xmax>
      <ymax>2625</ymax>
    </bndbox>
  </object>
  <object>
    <name>stamp</name>
    <pose>Unspecified</pose>
    <truncated>0</truncated>
    <difficult>0</difficult>
    <bndbox>
      <xmin>960</xmin>
      <ymin>2137</ymin>
      <xmax>1456</xmax>
      <ymax>2760</ymax>
    </bndbox>
  </object>
</annotation>