<annotation>
  <folder>input</folder>
  <filename>image (1254).png</filename>
  <path>C:\Users\Admin\OpenLabeling-master-main\main\input\image (1254).png</path>
  <source>
    <database>Unknown</database>
  </source>
  <size>
    <width>2468</width>
    <height>3484</height>
    <depth>3</depth>
  </size>
  <segmented>0</segmented>
  <object>
    <name>signature</name>
    <pose>Unspecified</pose>
    <truncated>0</truncated>
    <difficult>0</difficult>
    <bndbox>
      <xmin>302</xmin>
      <ymin>2154</ymin>
      <xmax>653</xmax>
      <ymax>2333</ymax>
    </bndbox>
  </object>
  <object>
    <name>stamp</name>
    <pose>Unspecified</pose>
    <truncated>0</truncated>
    <difficult>0</difficult>
    <bndbox>
      <xmin>555</xmin>
      <ymin>538</ymin>
      <xmax>893</xmax>
      <ymax>807</ymax>
    </bndbox>
  </object>
</annotation>