<annotation>
  <folder>input</folder>
  <filename>image (1332).png</filename>
  <path>C:\Users\Admin\OpenLabeling-master-main\main\input\image (1332).png</path>
  <source>
    <database>Unknown</database>
  </source>
  <size>
    <width>2476</width>
    <height>3476</height>
    <depth>3</depth>
  </size>
  <segmented>0</segmented>
  <object>
    <name>signature</name>
    <pose>Unspecified</pose>
    <truncated>0</truncated>
    <difficult>0</difficult>
    <bndbox>
      <xmin>1818</xmin>
      <ymin>2535</ymin>
      <xmax>2308</xmax>
      <ymax>2798</ymax>
    </bndbox>
  </object>
  <object>
    <name>stamp</name>
    <pose>Unspecified</pose>
    <truncated>0</truncated>
    <difficult>0</difficult>
    <bndbox>
      <xmin>704</xmin>
      <ymin>2434</ymin>
      <xmax>1203</xmax>
      <ymax>3095</ymax>
    </bndbox>
  </object>
</annotation>