<annotation>
  <folder>input</folder>
  <filename>image (1157).png</filename>
  <path>C:\Users\Admin\OpenLabeling-master-main\main\input\image (1157).png</path>
  <source>
    <database>Unknown</database>
  </source>
  <size>
    <width>2472</width>
    <height>3484</height>
    <depth>3</depth>
  </size>
  <segmented>0</segmented>
  <object>
    <name>signature</name>
    <pose>Unspecified</pose>
    <truncated>0</truncated>
    <difficult>0</difficult>
    <bndbox>
      <xmin>1556</xmin>
      <ymin>2603</ymin>
      <xmax>1861</xmax>
      <ymax>2889</ymax>
    </bndbox>
  </object>
  <object>
    <name>stamp</name>
    <pose>Unspecified</pose>
    <truncated>0</truncated>
    <difficult>0</difficult>
    <bndbox>
      <xmin>1962</xmin>
      <ymin>2608</ymin>
      <xmax>2258</xmax>
      <ymax>3029</ymax>
    </bndbox>
  </object>
</annotation>