<annotation>
  <folder>input</folder>
  <filename>image (1119).png</filename>
  <path>C:\Users\Admin\OpenLabeling-master-main\main\input\image (1119).png</path>
  <source>
    <database>Unknown</database>
  </source>
  <size>
    <width>2480</width>
    <height>3480</height>
    <depth>3</depth>
  </size>
  <segmented>0</segmented>
  <object>
    <name>signature</name>
    <pose>Unspecified</pose>
    <truncated>0</truncated>
    <difficult>0</difficult>
    <bndbox>
      <xmin>1818</xmin>
      <ymin>2325</ymin>
      <xmax>2238</xmax>
      <ymax>2667</ymax>
    </bndbox>
  </object>
  <object>
    <name>stamp</name>
    <pose>Unspecified</pose>
    <truncated>0</truncated>
    <difficult>0</difficult>
    <bndbox>
      <xmin>945</xmin>
      <ymin>2129</ymin>
      <xmax>1245</xmax>
      <ymax>2465</ymax>
    </bndbox>
  </object>
</annotation>