<annotation>
  <folder>input</folder>
  <filename>image (1184).png</filename>
  <path>C:\Users\Admin\OpenLabeling-master-main\main\input\image (1184).png</path>
  <source>
    <database>Unknown</database>
  </source>
  <size>
    <width>2476</width>
    <height>3484</height>
    <depth>3</depth>
  </size>
  <segmented>0</segmented>
  <object>
    <name>signature</name>
    <pose>Unspecified</pose>
    <truncated>0</truncated>
    <difficult>0</difficult>
    <bndbox>
      <xmin>1410</xmin>
      <ymin>2513</ymin>
      <xmax>1806</xmax>
      <ymax>2827</ymax>
    </bndbox>
  </object>
  <object>
    <name>stamp</name>
    <pose>Unspecified</pose>
    <truncated>0</truncated>
    <difficult>0</difficult>
    <bndbox>
      <xmin>1508</xmin>
      <ymin>2917</ymin>
      <xmax>1822</xmax>
      <ymax>3338</ymax>
    </bndbox>
  </object>
</annotation>