<annotation>
  <folder>input</folder>
  <filename>image (14).png</filename>
  <path>C:\Users\Admin\OpenLabeling-master-main\main\input\image (14).png</path>
  <source>
    <database>Unknown</database>
  </source>
  <size>
    <width>2480</width>
    <height>3480</height>
    <depth>3</depth>
  </size>
  <segmented>0</segmented>
  <object>
    <name>signature</name>
    <pose>Unspecified</pose>
    <truncated>0</truncated>
    <difficult>0</difficult>
    <bndbox>
      <xmin>1510</xmin>
      <ymin>2527</ymin>
      <xmax>1865</xmax>
      <ymax>2807</ymax>
    </bndbox>
  </object>
  <object>
    <name>stamp</name>
    <pose>Unspecified</pose>
    <truncated>0</truncated>
    <difficult>0</difficult>
    <bndbox>
      <xmin>1810</xmin>
      <ymin>2605</ymin>
      <xmax>2076</xmax>
      <ymax>2908</ymax>
    </bndbox>
  </object>
</annotation>