<annotation>
  <folder>input</folder>
  <filename>image (1426).png</filename>
  <path>C:\Users\Admin\OpenLabeling-master-main\main\input\image (1426).png</path>
  <source>
    <database>Unknown</database>
  </source>
  <size>
    <width>2476</width>
    <height>3480</height>
    <depth>3</depth>
  </size>
  <segmented>0</segmented>
  <object>
    <name>signature</name>
    <pose>Unspecified</pose>
    <truncated>0</truncated>
    <difficult>0</difficult>
    <bndbox>
      <xmin>931</xmin>
      <ymin>2729</ymin>
      <xmax>1414</xmax>
      <ymax>2998</ymax>
    </bndbox>
  </object>
  <object>
    <name>stamp</name>
    <pose>Unspecified</pose>
    <truncated>0</truncated>
    <difficult>0</difficult>
    <bndbox>
      <xmin>1434</xmin>
      <ymin>2712</ymin>
      <xmax>1729</xmax>
      <ymax>3104</ymax>
    </bndbox>
  </object>
</annotation>