<annotation>
  <folder>input</folder>
  <filename>image (1365).png</filename>
  <path>C:\Users\Admin\OpenLabeling-master-main\main\input\image (1365).png</path>
  <source>
    <database>Unknown</database>
  </source>
  <size>
    <width>2476</width>
    <height>3472</height>
    <depth>3</depth>
  </size>
  <segmented>0</segmented>
  <object>
    <name>signature</name>
    <pose>Unspecified</pose>
    <truncated>0</truncated>
    <difficult>0</difficult>
    <bndbox>
      <xmin>203</xmin>
      <ymin>2096</ymin>
      <xmax>511</xmax>
      <ymax>2303</ymax>
    </bndbox>
  </object>
  <object>
    <name>stamp</name>
    <pose>Unspecified</pose>
    <truncated>0</truncated>
    <difficult>0</difficult>
    <bndbox>
      <xmin>1370</xmin>
      <ymin>2191</ymin>
      <xmax>1833</xmax>
      <ymax>3058</ymax>
    </bndbox>
  </object>
</annotation>