<annotation>
  <folder>input</folder>
  <filename>image (1274).png</filename>
  <path>C:\Users\Admin\OpenLabeling-master-main\main\input\image (1274).png</path>
  <source>
    <database>Unknown</database>
  </source>
  <size>
    <width>2468</width>
    <height>3480</height>
    <depth>3</depth>
  </size>
  <segmented>0</segmented>
  <object>
    <name>signature</name>
    <pose>Unspecified</pose>
    <truncated>0</truncated>
    <difficult>0</difficult>
    <bndbox>
      <xmin>238</xmin>
      <ymin>2712</ymin>
      <xmax>495</xmax>
      <ymax>2919</ymax>
    </bndbox>
  </object>
  <object>
    <name>stamp</name>
    <pose>Unspecified</pose>
    <truncated>0</truncated>
    <difficult>0</difficult>
    <bndbox>
      <xmin>1271</xmin>
      <ymin>3003</ymin>
      <xmax>1604</xmax>
      <ymax>3323</ymax>
    </bndbox>
  </object>
</annotation>