<annotation>
  <folder>input</folder>
  <filename>image (1112).png</filename>
  <path>C:\Users\Admin\OpenLabeling-master-main\main\input\image (1112).png</path>
  <source>
    <database>Unknown</database>
  </source>
  <size>
    <width>2472</width>
    <height>3484</height>
    <depth>3</depth>
  </size>
  <segmented>0</segmented>
  <object>
    <name>signature</name>
    <pose>Unspecified</pose>
    <truncated>0</truncated>
    <difficult>0</difficult>
    <bndbox>
      <xmin>1138</xmin>
      <ymin>2137</ymin>
      <xmax>1594</xmax>
      <ymax>2446</ymax>
    </bndbox>
  </object>
  <object>
    <name>stamp</name>
    <pose>Unspecified</pose>
    <truncated>0</truncated>
    <difficult>0</difficult>
    <bndbox>
      <xmin>1634</xmin>
      <ymin>2210</ymin>
      <xmax>1899</xmax>
      <ymax>2631</ymax>
    </bndbox>
  </object>
</annotation>