<annotation>
  <folder>input</folder>
  <filename>image (1428).png</filename>
  <path>C:\Users\Admin\OpenLabeling-master-main\main\input\image (1428).png</path>
  <source>
    <database>Unknown</database>
  </source>
  <size>
    <width>2472</width>
    <height>3480</height>
    <depth>3</depth>
  </size>
  <segmented>0</segmented>
  <object>
    <name>signature</name>
    <pose>Unspecified</pose>
    <truncated>0</truncated>
    <difficult>0</difficult>
    <bndbox>
      <xmin>695</xmin>
      <ymin>2538</ymin>
      <xmax>953</xmax>
      <ymax>2740</ymax>
    </bndbox>
  </object>
  <object>
    <name>stamp</name>
    <pose>Unspecified</pose>
    <truncated>0</truncated>
    <difficult>0</difficult>
    <bndbox>
      <xmin>1072</xmin>
      <ymin>2605</ymin>
      <xmax>1370</xmax>
      <ymax>3042</ymax>
    </bndbox>
  </object>
</annotation>