<annotation>
  <folder>input</folder>
  <filename>image (126).png</filename>
  <path>C:\Users\Admin\OpenLabeling-master-main\main\input\image (126).png</path>
  <source>
    <database>Unknown</database>
  </source>
  <size>
    <width>2476</width>
    <height>3480</height>
    <depth>3</depth>
  </size>
  <segmented>0</segmented>
  <object>
    <name>signature</name>
    <pose>Unspecified</pose>
    <truncated>0</truncated>
    <difficult>0</difficult>
    <bndbox>
      <xmin>348</xmin>
      <ymin>2588</ymin>
      <xmax>678</xmax>
      <ymax>2818</ymax>
    </bndbox>
  </object>
  <object>
    <name>stamp</name>
    <pose>Unspecified</pose>
    <truncated>0</truncated>
    <difficult>0</difficult>
    <bndbox>
      <xmin>1174</xmin>
      <ymin>1350</ymin>
      <xmax>1454</xmax>
      <ymax>1826</ymax>
    </bndbox>
  </object>
</annotation>