<annotation>
  <folder>input</folder>
  <filename>image (1105).png</filename>
  <path>C:\Users\Admin\OpenLabeling-master-main\main\input\image (1105).png</path>
  <source>
    <database>Unknown</database>
  </source>
  <size>
    <width>2480</width>
    <height>3472</height>
    <depth>3</depth>
  </size>
  <segmented>0</segmented>
  <object>
    <name>signature</name>
    <pose>Unspecified</pose>
    <truncated>0</truncated>
    <difficult>0</difficult>
    <bndbox>
      <xmin>1545</xmin>
      <ymin>2353</ymin>
      <xmax>1740</xmax>
      <ymax>2655</ymax>
    </bndbox>
  </object>
  <object>
    <name>stamp</name>
    <pose>Unspecified</pose>
    <truncated>0</truncated>
    <difficult>0</difficult>
    <bndbox>
      <xmin>1790</xmin>
      <ymin>2460</ymin>
      <xmax>2052</xmax>
      <ymax>2884</ymax>
    </bndbox>
  </object>
</annotation>