<annotation>
  <folder>input</folder>
  <filename>image (1416).png</filename>
  <path>C:\Users\Admin\OpenLabeling-master-main\main\input\image (1416).png</path>
  <source>
    <database>Unknown</database>
  </source>
  <size>
    <width>2464</width>
    <height>3476</height>
    <depth>3</depth>
  </size>
  <segmented>0</segmented>
  <object>
    <name>signature</name>
    <pose>Unspecified</pose>
    <truncated>0</truncated>
    <difficult>0</difficult>
    <bndbox>
      <xmin>1246</xmin>
      <ymin>2541</ymin>
      <xmax>1667</xmax>
      <ymax>2815</ymax>
    </bndbox>
  </object>
  <object>
    <name>stamp</name>
    <pose>Unspecified</pose>
    <truncated>0</truncated>
    <difficult>0</difficult>
    <bndbox>
      <xmin>1687</xmin>
      <ymin>2597</ymin>
      <xmax>2010</xmax>
      <ymax>3067</ymax>
    </bndbox>
  </object>
</annotation>