<annotation>
  <folder>input</folder>
  <filename>image (1435).png</filename>
  <path>C:\Users\Admin\OpenLabeling-master-main\main\input\image (1435).png</path>
  <source>
    <database>Unknown</database>
  </source>
  <size>
    <width>2468</width>
    <height>3480</height>
    <depth>3</depth>
  </size>
  <segmented>0</segmented>
  <object>
    <name>signature</name>
    <pose>Unspecified</pose>
    <truncated>0</truncated>
    <difficult>0</difficult>
    <bndbox>
      <xmin>1154</xmin>
      <ymin>2504</ymin>
      <xmax>1595</xmax>
      <ymax>2813</ymax>
    </bndbox>
  </object>
  <object>
    <name>stamp</name>
    <pose>Unspecified</pose>
    <truncated>0</truncated>
    <difficult>0</difficult>
    <bndbox>
      <xmin>465</xmin>
      <ymin>2560</ymin>
      <xmax>770</xmax>
      <ymax>2914</ymax>
    </bndbox>
  </object>
</annotation>