<annotation>
  <folder>input</folder>
  <filename>image (1398).png</filename>
  <path>C:\Users\Admin\OpenLabeling-master-main\main\input\image (1398).png</path>
  <source>
    <database>Unknown</database>
  </source>
  <size>
    <width>2476</width>
    <height>3484</height>
    <depth>3</depth>
  </size>
  <segmented>0</segmented>
  <object>
    <name>signature</name>
    <pose>Unspecified</pose>
    <truncated>0</truncated>
    <difficult>0</difficult>
    <bndbox>
      <xmin>1599</xmin>
      <ymin>2625</ymin>
      <xmax>1838</xmax>
      <ymax>2900</ymax>
    </bndbox>
  </object>
  <object>
    <name>stamp</name>
    <pose>Unspecified</pose>
    <truncated>0</truncated>
    <difficult>0</difficult>
    <bndbox>
      <xmin>1572</xmin>
      <ymin>3040</ymin>
      <xmax>1927</xmax>
      <ymax>3450</ymax>
    </bndbox>
  </object>
</annotation>