<annotation>
  <folder>input</folder>
  <filename>image (1253).png</filename>
  <path>C:\Users\Admin\OpenLabeling-master-main\main\input\image (1253).png</path>
  <source>
    <database>Unknown</database>
  </source>
  <size>
    <width>2472</width>
    <height>3480</height>
    <depth>3</depth>
  </size>
  <segmented>0</segmented>
  <object>
    <name>signature</name>
    <pose>Unspecified</pose>
    <truncated>0</truncated>
    <difficult>0</difficult>
    <bndbox>
      <xmin>184</xmin>
      <ymin>2482</ymin>
      <xmax>422</xmax>
      <ymax>2673</ymax>
    </bndbox>
  </object>
  <object>
    <name>stamp</name>
    <pose>Unspecified</pose>
    <truncated>0</truncated>
    <difficult>0</difficult>
    <bndbox>
      <xmin>873</xmin>
      <ymin>2745</ymin>
      <xmax>1286</xmax>
      <ymax>3098</ymax>
    </bndbox>
  </object>
</annotation>