<annotation>
  <folder>input</folder>
  <filename>image (1360).png</filename>
  <path>C:\Users\Admin\OpenLabeling-master-main\main\input\image (1360).png</path>
  <source>
    <database>Unknown</database>
  </source>
  <size>
    <width>2484</width>
    <height>3476</height>
    <depth>3</depth>
  </size>
  <segmented>0</segmented>
  <object>
    <name>signature</name>
    <pose>Unspecified</pose>
    <truncated>0</truncated>
    <difficult>0</difficult>
    <bndbox>
      <xmin>464</xmin>
      <ymin>2054</ymin>
      <xmax>1094</xmax>
      <ymax>2334</ymax>
    </bndbox>
  </object>
  <object>
    <name>stamp</name>
    <pose>Unspecified</pose>
    <truncated>0</truncated>
    <difficult>0</difficult>
    <bndbox>
      <xmin>1165</xmin>
      <ymin>2518</ymin>
      <xmax>1779</xmax>
      <ymax>3235</ymax>
    </bndbox>
  </object>
</annotation>