<annotation>
  <folder>input</folder>
  <filename>image (1).png</filename>
  <path>C:\Users\Admin\OpenLabeling-master-main\main\input\image (1).png</path>
  <source>
    <database>Unknown</database>
  </source>
  <size>
    <width>2476</width>
    <height>3484</height>
    <depth>3</depth>
  </size>
  <segmented>0</segmented>
  <object>
    <name>stamp</name>
    <pose>Unspecified</pose>
    <truncated>0</truncated>
    <difficult>0</difficult>
    <bndbox>
      <xmin>1168</xmin>
      <ymin>2193</ymin>
      <xmax>1455</xmax>
      <ymax>2519</ymax>
    </bndbox>
  </object>
  <object>
    <name>signature</name>
    <pose>Unspecified</pose>
    <truncated>0</truncated>
    <difficult>0</difficult>
    <bndbox>
      <xmin>1710</xmin>
      <ymin>2311</ymin>
      <xmax>2005</xmax>
      <ymax>2514</ymax>
    </bndbox>
  </object>
</annotation>