<annotation>
  <folder>input</folder>
  <filename>image (1266).png</filename>
  <path>C:\Users\Admin\OpenLabeling-master-main\main\input\image (1266).png</path>
  <source>
    <database>Unknown</database>
  </source>
  <size>
    <width>2472</width>
    <height>3484</height>
    <depth>3</depth>
  </size>
  <segmented>0</segmented>
  <object>
    <name>signature</name>
    <pose>Unspecified</pose>
    <truncated>0</truncated>
    <difficult>0</difficult>
    <bndbox>
      <xmin>342</xmin>
      <ymin>2547</ymin>
      <xmax>909</xmax>
      <ymax>2799</ymax>
    </bndbox>
  </object>
  <object>
    <name>stamp</name>
    <pose>Unspecified</pose>
    <truncated>0</truncated>
    <difficult>0</difficult>
    <bndbox>
      <xmin>358</xmin>
      <ymin>852</ymin>
      <xmax>699</xmax>
      <ymax>1082</ymax>
    </bndbox>
  </object>
</annotation>