<annotation>
  <folder>input</folder>
  <filename>image (1227).png</filename>
  <path>C:\Users\Admin\OpenLabeling-master-main\main\input\image (1227).png</path>
  <source>
    <database>Unknown</database>
  </source>
  <size>
    <width>2480</width>
    <height>3480</height>
    <depth>3</depth>
  </size>
  <segmented>0</segmented>
  <object>
    <name>signature</name>
    <pose>Unspecified</pose>
    <truncated>0</truncated>
    <difficult>0</difficult>
    <bndbox>
      <xmin>1589</xmin>
      <ymin>2331</ymin>
      <xmax>1889</xmax>
      <ymax>2521</ymax>
    </bndbox>
  </object>
  <object>
    <name>stamp</name>
    <pose>Unspecified</pose>
    <truncated>0</truncated>
    <difficult>0</difficult>
    <bndbox>
      <xmin>1649</xmin>
      <ymin>2504</ymin>
      <xmax>2012</xmax>
      <ymax>2925</ymax>
    </bndbox>
  </object>
</annotation>