<annotation>
  <folder>input</folder>
  <filename>image (1299).png</filename>
  <path>C:\Users\Admin\OpenLabeling-master-main\main\input\image (1299).png</path>
  <source>
    <database>Unknown</database>
  </source>
  <size>
    <width>2476</width>
    <height>3480</height>
    <depth>3</depth>
  </size>
  <segmented>0</segmented>
  <object>
    <name>signature</name>
    <pose>Unspecified</pose>
    <truncated>0</truncated>
    <difficult>0</difficult>
    <bndbox>
      <xmin>1895</xmin>
      <ymin>2488</ymin>
      <xmax>2105</xmax>
      <ymax>2712</ymax>
    </bndbox>
  </object>
  <object>
    <name>stamp</name>
    <pose>Unspecified</pose>
    <truncated>0</truncated>
    <difficult>0</difficult>
    <bndbox>
      <xmin>971</xmin>
      <ymin>2353</ymin>
      <xmax>1326</xmax>
      <ymax>2869</ymax>
    </bndbox>
  </object>
</annotation>