<annotation>
  <folder>input</folder>
  <filename>image (1012).png</filename>
  <path>C:\Users\Admin\OpenLabeling-master-main\main\input\image (1012).png</path>
  <source>
    <database>Unknown</database>
  </source>
  <size>
    <width>2476</width>
    <height>3472</height>
    <depth>3</depth>
  </size>
  <segmented>0</segmented>
  <object>
    <name>signature</name>
    <pose>Unspecified</pose>
    <truncated>0</truncated>
    <difficult>0</difficult>
    <bndbox>
      <xmin>1818</xmin>
      <ymin>2655</ymin>
      <xmax>2187</xmax>
      <ymax>2924</ymax>
    </bndbox>
  </object>
  <object>
    <name>stamp</name>
    <pose>Unspecified</pose>
    <truncated>0</truncated>
    <difficult>0</difficult>
    <bndbox>
      <xmin>1040</xmin>
      <ymin>2711</ymin>
      <xmax>1599</xmax>
      <ymax>3265</ymax>
    </bndbox>
  </object>
</annotation>