<annotation>
  <folder>input</folder>
  <filename>image (1289).png</filename>
  <path>C:\Users\Admin\OpenLabeling-master-main\main\input\image (1289).png</path>
  <source>
    <database>Unknown</database>
  </source>
  <size>
    <width>2468</width>
    <height>3484</height>
    <depth>3</depth>
  </size>
  <segmented>0</segmented>
  <object>
    <name>signature</name>
    <pose>Unspecified</pose>
    <truncated>0</truncated>
    <difficult>0</difficult>
    <bndbox>
      <xmin>1854</xmin>
      <ymin>2266</ymin>
      <xmax>2241</xmax>
      <ymax>2530</ymax>
    </bndbox>
  </object>
  <object>
    <name>stamp</name>
    <pose>Unspecified</pose>
    <truncated>0</truncated>
    <difficult>0</difficult>
    <bndbox>
      <xmin>810</xmin>
      <ymin>2238</ymin>
      <xmax>1324</xmax>
      <ymax>3023</ymax>
    </bndbox>
  </object>
</annotation>