<annotation>
  <folder>input</folder>
  <filename>image (12).png</filename>
  <path>C:\Users\Admin\OpenLabeling-master-main\main\input\image (12).png</path>
  <source>
    <database>Unknown</database>
  </source>
  <size>
    <width>2468</width>
    <height>3480</height>
    <depth>3</depth>
  </size>
  <segmented>0</segmented>
  <object>
    <name>signature</name>
    <pose>Unspecified</pose>
    <truncated>0</truncated>
    <difficult>0</difficult>
    <bndbox>
      <xmin>1027</xmin>
      <ymin>2112</ymin>
      <xmax>1490</xmax>
      <ymax>2432</ymax>
    </bndbox>
  </object>
  <object>
    <name>stamp</name>
    <pose>Unspecified</pose>
    <truncated>0</truncated>
    <difficult>0</difficult>
    <bndbox>
      <xmin>1648</xmin>
      <ymin>2101</ymin>
      <xmax>1948</xmax>
      <ymax>2460</ymax>
    </bndbox>
  </object>
</annotation>