<annotation>
  <folder>input</folder>
  <filename>image (1346).png</filename>
  <path>C:\Users\Admin\OpenLabeling-master-main\main\input\image (1346).png</path>
  <source>
    <database>Unknown</database>
  </source>
  <size>
    <width>2472</width>
    <height>3472</height>
    <depth>3</depth>
  </size>
  <segmented>0</segmented>
  <object>
    <name>signature</name>
    <pose>Unspecified</pose>
    <truncated>0</truncated>
    <difficult>0</difficult>
    <bndbox>
      <xmin>253</xmin>
      <ymin>2253</ymin>
      <xmax>599</xmax>
      <ymax>2471</ymax>
    </bndbox>
  </object>
  <object>
    <name>stamp</name>
    <pose>Unspecified</pose>
    <truncated>0</truncated>
    <difficult>0</difficult>
    <bndbox>
      <xmin>1333</xmin>
      <ymin>2085</ymin>
      <xmax>1948</xmax>
      <ymax>2834</ymax>
    </bndbox>
  </object>
</annotation>