<annotation>
  <folder>input</folder>
  <filename>image (1310).png</filename>
  <path>C:\Users\Admin\OpenLabeling-master-main\main\input\image (1310).png</path>
  <source>
    <database>Unknown</database>
  </source>
  <size>
    <width>2476</width>
    <height>3480</height>
    <depth>3</depth>
  </size>
  <segmented>0</segmented>
  <object>
    <name>signature</name>
    <pose>Unspecified</pose>
    <truncated>0</truncated>
    <difficult>0</difficult>
    <bndbox>
      <xmin>1927</xmin>
      <ymin>2348</ymin>
      <xmax>2189</xmax>
      <ymax>2650</ymax>
    </bndbox>
  </object>
  <object>
    <name>stamp</name>
    <pose>Unspecified</pose>
    <truncated>0</truncated>
    <difficult>0</difficult>
    <bndbox>
      <xmin>969</xmin>
      <ymin>2320</ymin>
      <xmax>1336</xmax>
      <ymax>2818</ymax>
    </bndbox>
  </object>
</annotation>