<annotation>
  <folder>input</folder>
  <filename>image (1144).png</filename>
  <path>C:\Users\Admin\OpenLabeling-master-main\main\input\image (1144).png</path>
  <source>
    <database>Unknown</database>
  </source>
  <size>
    <width>2476</width>
    <height>3484</height>
    <depth>3</depth>
  </size>
  <segmented>0</segmented>
  <object>
    <name>signature</name>
    <pose>Unspecified</pose>
    <truncated>0</truncated>
    <difficult>0</difficult>
    <bndbox>
      <xmin>1906</xmin>
      <ymin>2457</ymin>
      <xmax>2125</xmax>
      <ymax>2720</ymax>
    </bndbox>
  </object>
  <object>
    <name>stamp</name>
    <pose>Unspecified</pose>
    <truncated>0</truncated>
    <difficult>0</difficult>
    <bndbox>
      <xmin>1241</xmin>
      <ymin>2490</ymin>
      <xmax>1581</xmax>
      <ymax>2945</ymax>
    </bndbox>
  </object>
</annotation>