<annotation>
  <folder>input</folder>
  <filename>image (1001).png</filename>
  <path>C:\Users\Admin\OpenLabeling-master-main\main\input\image (1001).png</path>
  <source>
    <database>Unknown</database>
  </source>
  <size>
    <width>2468</width>
    <height>3480</height>
    <depth>3</depth>
  </size>
  <segmented>0</segmented>
  <object>
    <name>signature</name>
    <pose>Unspecified</pose>
    <truncated>0</truncated>
    <difficult>0</difficult>
    <bndbox>
      <xmin>1899</xmin>
      <ymin>2303</ymin>
      <xmax>2212</xmax>
      <ymax>2661</ymax>
    </bndbox>
  </object>
  <object>
    <name>stamp</name>
    <pose>Unspecified</pose>
    <truncated>0</truncated>
    <difficult>0</difficult>
    <bndbox>
      <xmin>966</xmin>
      <ymin>2443</ymin>
      <xmax>1478</xmax>
      <ymax>3031</ymax>
    </bndbox>
  </object>
</annotation>