<annotation>
  <folder>input</folder>
  <filename>image (1050).png</filename>
  <path>C:\Users\Admin\OpenLabeling-master-main\main\input\image (1050).png</path>
  <source>
    <database>Unknown</database>
  </source>
  <size>
    <width>2468</width>
    <height>3480</height>
    <depth>3</depth>
  </size>
  <segmented>0</segmented>
  <object>
    <name>signature</name>
    <pose>Unspecified</pose>
    <truncated>0</truncated>
    <difficult>0</difficult>
    <bndbox>
      <xmin>1557</xmin>
      <ymin>2213</ymin>
      <xmax>2017</xmax>
      <ymax>2432</ymax>
    </bndbox>
  </object>
  <object>
    <name>stamp</name>
    <pose>Unspecified</pose>
    <truncated>0</truncated>
    <difficult>0</difficult>
    <bndbox>
      <xmin>689</xmin>
      <ymin>2118</ymin>
      <xmax>1250</xmax>
      <ymax>2897</ymax>
    </bndbox>
  </object>
</annotation>