<annotation>
  <folder>input</folder>
  <filename>image (1096).png</filename>
  <path>C:\Users\Admin\OpenLabeling-master-main\main\input\image (1096).png</path>
  <source>
    <database>Unknown</database>
  </source>
  <size>
    <width>2472</width>
    <height>3480</height>
    <depth>3</depth>
  </size>
  <segmented>0</segmented>
  <object>
    <name>signature</name>
    <pose>Unspecified</pose>
    <truncated>0</truncated>
    <difficult>0</difficult>
    <bndbox>
      <xmin>1509</xmin>
      <ymin>2673</ymin>
      <xmax>1911</xmax>
      <ymax>3003</ymax>
    </bndbox>
  </object>
  <object>
    <name>stamp</name>
    <pose>Unspecified</pose>
    <truncated>0</truncated>
    <difficult>0</difficult>
    <bndbox>
      <xmin>1056</xmin>
      <ymin>2622</ymin>
      <xmax>1337</xmax>
      <ymax>3098</ymax>
    </bndbox>
  </object>
  <object>
    <name>stamp</name>
    <pose>Unspecified</pose>
    <truncated>0</truncated>
    <difficult>0</difficult>
    <bndbox>
      <xmin>1036</xmin>
      <ymin>1272</ymin>
      <xmax>1513</xmax>
      <ymax>1969</ymax>
    </bndbox>
  </object>
</annotation>