<annotation>
  <folder>input</folder>
  <filename>image (1095).png</filename>
  <path>C:\Users\Admin\OpenLabeling-master-main\main\input\image (1095).png</path>
  <source>
    <database>Unknown</database>
  </source>
  <size>
    <width>2472</width>
    <height>3484</height>
    <depth>3</depth>
  </size>
  <segmented>0</segmented>
  <object>
    <name>signature</name>
    <pose>Unspecified</pose>
    <truncated>0</truncated>
    <difficult>0</difficult>
    <bndbox>
      <xmin>909</xmin>
      <ymin>2350</ymin>
      <xmax>1448</xmax>
      <ymax>2732</ymax>
    </bndbox>
  </object>
  <object>
    <name>stamp</name>
    <pose>Unspecified</pose>
    <truncated>0</truncated>
    <difficult>0</difficult>
    <bndbox>
      <xmin>1524</xmin>
      <ymin>2490</ymin>
      <xmax>1788</xmax>
      <ymax>2821</ymax>
    </bndbox>
  </object>
</annotation>