<annotation>
  <folder>input</folder>
  <filename>image (1302).png</filename>
  <path>C:\Users\Admin\OpenLabeling-master-main\main\input\image (1302).png</path>
  <source>
    <database>Unknown</database>
  </source>
  <size>
    <width>2468</width>
    <height>3476</height>
    <depth>3</depth>
  </size>
  <segmented>0</segmented>
  <object>
    <name>signature</name>
    <pose>Unspecified</pose>
    <truncated>0</truncated>
    <difficult>0</difficult>
    <bndbox>
      <xmin>1926</xmin>
      <ymin>2479</ymin>
      <xmax>2211</xmax>
      <ymax>2781</ymax>
    </bndbox>
  </object>
  <object>
    <name>stamp</name>
    <pose>Unspecified</pose>
    <truncated>0</truncated>
    <difficult>0</difficult>
    <bndbox>
      <xmin>1648</xmin>
      <ymin>3033</ymin>
      <xmax>1963</xmax>
      <ymax>3431</ymax>
    </bndbox>
  </object>
</annotation>