<annotation>
  <folder>input</folder>
  <filename>image (1431).png</filename>
  <path>C:\Users\Admin\OpenLabeling-master-main\main\input\image (1431).png</path>
  <source>
    <database>Unknown</database>
  </source>
  <size>
    <width>2480</width>
    <height>3480</height>
    <depth>3</depth>
  </size>
  <segmented>0</segmented>
  <object>
    <name>signature</name>
    <pose>Unspecified</pose>
    <truncated>0</truncated>
    <difficult>0</difficult>
    <bndbox>
      <xmin>1705</xmin>
      <ymin>2779</ymin>
      <xmax>2027</xmax>
      <ymax>3093</ymax>
    </bndbox>
  </object>
  <object>
    <name>stamp</name>
    <pose>Unspecified</pose>
    <truncated>0</truncated>
    <difficult>0</difficult>
    <bndbox>
      <xmin>1409</xmin>
      <ymin>2846</ymin>
      <xmax>1720</xmax>
      <ymax>3250</ymax>
    </bndbox>
  </object>
</annotation>