<annotation>
  <folder>input</folder>
  <filename>image (1312).png</filename>
  <path>C:\Users\Admin\OpenLabeling-master-main\main\input\image (1312).png</path>
  <source>
    <database>Unknown</database>
  </source>
  <size>
    <width>2480</width>
    <height>3484</height>
    <depth>3</depth>
  </size>
  <segmented>0</segmented>
  <object>
    <name>signature</name>
    <pose>Unspecified</pose>
    <truncated>0</truncated>
    <difficult>0</difficult>
    <bndbox>
      <xmin>1676</xmin>
      <ymin>2182</ymin>
      <xmax>2212</xmax>
      <ymax>2485</ymax>
    </bndbox>
  </object>
  <object>
    <name>stamp</name>
    <pose>Unspecified</pose>
    <truncated>0</truncated>
    <difficult>0</difficult>
    <bndbox>
      <xmin>614</xmin>
      <ymin>2137</ymin>
      <xmax>932</xmax>
      <ymax>2664</ymax>
    </bndbox>
  </object>
</annotation>