<annotation>
  <folder>input</folder>
  <filename>image (1240).png</filename>
  <path>C:\Users\Admin\OpenLabeling-master-main\main\input\image (1240).png</path>
  <source>
    <database>Unknown</database>
  </source>
  <size>
    <width>2476</width>
    <height>3484</height>
    <depth>3</depth>
  </size>
  <segmented>0</segmented>
  <object>
    <name>signature</name>
    <pose>Unspecified</pose>
    <truncated>0</truncated>
    <difficult>0</difficult>
    <bndbox>
      <xmin>1635</xmin>
      <ymin>2030</ymin>
      <xmax>1962</xmax>
      <ymax>2255</ymax>
    </bndbox>
  </object>
  <object>
    <name>stamp</name>
    <pose>Unspecified</pose>
    <truncated>0</truncated>
    <difficult>0</difficult>
    <bndbox>
      <xmin>1355</xmin>
      <ymin>2249</ymin>
      <xmax>1711</xmax>
      <ymax>2620</ymax>
    </bndbox>
  </object>
</annotation>