<annotation>
  <folder>input</folder>
  <filename>image (1330).png</filename>
  <path>C:\Users\Admin\OpenLabeling-master-main\main\input\image (1330).png</path>
  <source>
    <database>Unknown</database>
  </source>
  <size>
    <width>2472</width>
    <height>3484</height>
    <depth>3</depth>
  </size>
  <segmented>0</segmented>
  <object>
    <name>signature</name>
    <pose>Unspecified</pose>
    <truncated>0</truncated>
    <difficult>0</difficult>
    <bndbox>
      <xmin>1752</xmin>
      <ymin>2423</ymin>
      <xmax>2109</xmax>
      <ymax>2709</ymax>
    </bndbox>
  </object>
  <object>
    <name>stamp</name>
    <pose>Unspecified</pose>
    <truncated>0</truncated>
    <difficult>0</difficult>
    <bndbox>
      <xmin>695</xmin>
      <ymin>2305</ymin>
      <xmax>1188</xmax>
      <ymax>3018</ymax>
    </bndbox>
  </object>
</annotation>