<annotation>
  <folder>input</folder>
  <filename>image (1343).png</filename>
  <path>C:\Users\Admin\OpenLabeling-master-main\main\input\image (1343).png</path>
  <source>
    <database>Unknown</database>
  </source>
  <size>
    <width>2476</width>
    <height>3484</height>
    <depth>3</depth>
  </size>
  <segmented>0</segmented>
  <object>
    <name>signature</name>
    <pose>Unspecified</pose>
    <truncated>0</truncated>
    <difficult>0</difficult>
    <bndbox>
      <xmin>1820</xmin>
      <ymin>2513</ymin>
      <xmax>2189</xmax>
      <ymax>2771</ymax>
    </bndbox>
  </object>
  <object>
    <name>stamp</name>
    <pose>Unspecified</pose>
    <truncated>0</truncated>
    <difficult>0</difficult>
    <bndbox>
      <xmin>1040</xmin>
      <ymin>2317</ymin>
      <xmax>1562</xmax>
      <ymax>2917</ymax>
    </bndbox>
  </object>
</annotation>