<annotation>
  <folder>input</folder>
  <filename>image (1418).png</filename>
  <path>C:\Users\Admin\OpenLabeling-master-main\main\input\image (1418).png</path>
  <source>
    <database>Unknown</database>
  </source>
  <size>
    <width>2472</width>
    <height>3476</height>
    <depth>3</depth>
  </size>
  <segmented>0</segmented>
  <object>
    <name>signature</name>
    <pose>Unspecified</pose>
    <truncated>0</truncated>
    <difficult>0</difficult>
    <bndbox>
      <xmin>969</xmin>
      <ymin>2569</ymin>
      <xmax>1562</xmax>
      <ymax>2877</ymax>
    </bndbox>
  </object>
  <object>
    <name>stamp</name>
    <pose>Unspecified</pose>
    <truncated>0</truncated>
    <difficult>0</difficult>
    <bndbox>
      <xmin>366</xmin>
      <ymin>2597</ymin>
      <xmax>746</xmax>
      <ymax>3190</ymax>
    </bndbox>
  </object>
</annotation>