<annotation>
  <folder>input</folder>
  <filename>image (1007).png</filename>
  <path>C:\Users\Admin\OpenLabeling-master-main\main\input\image (1007).png</path>
  <source>
    <database>Unknown</database>
  </source>
  <size>
    <width>2472</width>
    <height>3480</height>
    <depth>3</depth>
  </size>
  <segmented>0</segmented>
  <object>
    <name>signature</name>
    <pose>Unspecified</pose>
    <truncated>0</truncated>
    <difficult>0</difficult>
    <bndbox>
      <xmin>1825</xmin>
      <ymin>2398</ymin>
      <xmax>2100</xmax>
      <ymax>2628</ymax>
    </bndbox>
  </object>
  <object>
    <name>stamp</name>
    <pose>Unspecified</pose>
    <truncated>0</truncated>
    <difficult>0</difficult>
    <bndbox>
      <xmin>791</xmin>
      <ymin>2454</ymin>
      <xmax>1379</xmax>
      <ymax>2942</ymax>
    </bndbox>
  </object>
</annotation>