<annotation>
  <folder>input</folder>
  <filename>image (1216).png</filename>
  <path>C:\Users\Admin\OpenLabeling-master-main\main\input\image (1216).png</path>
  <source>
    <database>Unknown</database>
  </source>
  <size>
    <width>2468</width>
    <height>3480</height>
    <depth>3</depth>
  </size>
  <segmented>0</segmented>
  <object>
    <name>signature</name>
    <pose>Unspecified</pose>
    <truncated>0</truncated>
    <difficult>0</difficult>
    <bndbox>
      <xmin>246</xmin>
      <ymin>2639</ymin>
      <xmax>495</xmax>
      <ymax>2835</ymax>
    </bndbox>
  </object>
  <object>
    <name>stamp</name>
    <pose>Unspecified</pose>
    <truncated>0</truncated>
    <difficult>0</difficult>
    <bndbox>
      <xmin>1467</xmin>
      <ymin>1193</ymin>
      <xmax>1746</xmax>
      <ymax>1754</ymax>
    </bndbox>
  </object>
</annotation>