<annotation>
  <folder>input</folder>
  <filename>image (1292).png</filename>
  <path>C:\Users\Admin\OpenLabeling-master-main\main\input\image (1292).png</path>
  <source>
    <database>Unknown</database>
  </source>
  <size>
    <width>2480</width>
    <height>3476</height>
    <depth>3</depth>
  </size>
  <segmented>0</segmented>
  <object>
    <name>signature</name>
    <pose>Unspecified</pose>
    <truncated>0</truncated>
    <difficult>0</difficult>
    <bndbox>
      <xmin>1960</xmin>
      <ymin>2099</ymin>
      <xmax>2298</xmax>
      <ymax>2412</ymax>
    </bndbox>
  </object>
  <object>
    <name>stamp</name>
    <pose>Unspecified</pose>
    <truncated>0</truncated>
    <difficult>0</difficult>
    <bndbox>
      <xmin>658</xmin>
      <ymin>1970</ymin>
      <xmax>1170</xmax>
      <ymax>2703</ymax>
    </bndbox>
  </object>
</annotation>