<annotation>
  <folder>input</folder>
  <filename>image (1154).png</filename>
  <path>C:\Users\Admin\OpenLabeling-master-main\main\input\image (1154).png</path>
  <source>
    <database>Unknown</database>
  </source>
  <size>
    <width>2480</width>
    <height>3484</height>
    <depth>3</depth>
  </size>
  <segmented>0</segmented>
  <object>
    <name>signature</name>
    <pose>Unspecified</pose>
    <truncated>0</truncated>
    <difficult>0</difficult>
    <bndbox>
      <xmin>1467</xmin>
      <ymin>2345</ymin>
      <xmax>1780</xmax>
      <ymax>2608</ymax>
    </bndbox>
  </object>
  <object>
    <name>stamp</name>
    <pose>Unspecified</pose>
    <truncated>0</truncated>
    <difficult>0</difficult>
    <bndbox>
      <xmin>1465</xmin>
      <ymin>2838</ymin>
      <xmax>1765</xmax>
      <ymax>3248</ymax>
    </bndbox>
  </object>
</annotation>