<annotation>
  <folder>input</folder>
  <filename>image (1091).png</filename>
  <path>C:\Users\Admin\OpenLabeling-master-main\main\input\image (1091).png</path>
  <source>
    <database>Unknown</database>
  </source>
  <size>
    <width>2476</width>
    <height>3480</height>
    <depth>3</depth>
  </size>
  <segmented>0</segmented>
  <object>
    <name>signature</name>
    <pose>Unspecified</pose>
    <truncated>0</truncated>
    <difficult>0</difficult>
    <bndbox>
      <xmin>778</xmin>
      <ymin>2291</ymin>
      <xmax>1107</xmax>
      <ymax>2488</ymax>
    </bndbox>
  </object>
  <object>
    <name>stamp</name>
    <pose>Unspecified</pose>
    <truncated>0</truncated>
    <difficult>0</difficult>
    <bndbox>
      <xmin>1361</xmin>
      <ymin>2320</ymin>
      <xmax>1657</xmax>
      <ymax>2695</ymax>
    </bndbox>
  </object>
</annotation>