<annotation>
  <folder>input</folder>
  <filename>image (1187).png</filename>
  <path>C:\Users\Admin\OpenLabeling-master-main\main\input\image (1187).png</path>
  <source>
    <database>Unknown</database>
  </source>
  <size>
    <width>2476</width>
    <height>3476</height>
    <depth>3</depth>
  </size>
  <segmented>0</segmented>
  <object>
    <name>signature</name>
    <pose>Unspecified</pose>
    <truncated>0</truncated>
    <difficult>0</difficult>
    <bndbox>
      <xmin>239</xmin>
      <ymin>2474</ymin>
      <xmax>515</xmax>
      <ymax>2669</ymax>
    </bndbox>
  </object>
  <object>
    <name>stamp</name>
    <pose>Unspecified</pose>
    <truncated>0</truncated>
    <difficult>0</difficult>
    <bndbox>
      <xmin>588</xmin>
      <ymin>2552</ymin>
      <xmax>838</xmax>
      <ymax>3056</ymax>
    </bndbox>
  </object>
</annotation>