<annotation>
  <folder>input</folder>
  <filename>image (1333).png</filename>
  <path>C:\Users\Admin\OpenLabeling-master-main\main\input\image (1333).png</path>
  <source>
    <database>Unknown</database>
  </source>
  <size>
    <width>2472</width>
    <height>3480</height>
    <depth>3</depth>
  </size>
  <segmented>0</segmented>
  <object>
    <name>signature</name>
    <pose>Unspecified</pose>
    <truncated>0</truncated>
    <difficult>0</difficult>
    <bndbox>
      <xmin>1928</xmin>
      <ymin>2415</ymin>
      <xmax>2323</xmax>
      <ymax>2695</ymax>
    </bndbox>
  </object>
  <object>
    <name>stamp</name>
    <pose>Unspecified</pose>
    <truncated>0</truncated>
    <difficult>0</difficult>
    <bndbox>
      <xmin>679</xmin>
      <ymin>2404</ymin>
      <xmax>1196</xmax>
      <ymax>3009</ymax>
    </bndbox>
  </object>
</annotation>