<annotation>
  <folder>input</folder>
  <filename>image (1056).png</filename>
  <path>C:\Users\Admin\OpenLabeling-master-main\main\input\image (1056).png</path>
  <source>
    <database>Unknown</database>
  </source>
  <size>
    <width>2476</width>
    <height>3476</height>
    <depth>3</depth>
  </size>
  <segmented>0</segmented>
  <object>
    <name>signature</name>
    <pose>Unspecified</pose>
    <truncated>0</truncated>
    <difficult>0</difficult>
    <bndbox>
      <xmin>1753</xmin>
      <ymin>2300</ymin>
      <xmax>2085</xmax>
      <ymax>2569</ymax>
    </bndbox>
  </object>
  <object>
    <name>stamp</name>
    <pose>Unspecified</pose>
    <truncated>0</truncated>
    <difficult>0</difficult>
    <bndbox>
      <xmin>713</xmin>
      <ymin>2216</ymin>
      <xmax>1287</xmax>
      <ymax>2989</ymax>
    </bndbox>
  </object>
</annotation>