<annotation>
  <folder>input</folder>
  <filename>image (1259).png</filename>
  <path>C:\Users\Admin\OpenLabeling-master-main\main\input\image (1259).png</path>
  <source>
    <database>Unknown</database>
  </source>
  <size>
    <width>2476</width>
    <height>3484</height>
    <depth>3</depth>
  </size>
  <segmented>0</segmented>
  <object>
    <name>signature</name>
    <pose>Unspecified</pose>
    <truncated>0</truncated>
    <difficult>0</difficult>
    <bndbox>
      <xmin>281</xmin>
      <ymin>2361</ymin>
      <xmax>579</xmax>
      <ymax>2659</ymax>
    </bndbox>
  </object>
  <object>
    <name>stamp</name>
    <pose>Unspecified</pose>
    <truncated>0</truncated>
    <difficult>0</difficult>
    <bndbox>
      <xmin>1107</xmin>
      <ymin>2575</ymin>
      <xmax>1454</xmax>
      <ymax>2922</ymax>
    </bndbox>
  </object>
</annotation>