<annotation>
  <folder>input</folder>
  <filename>image (1257).png</filename>
  <path>C:\Users\Admin\OpenLabeling-master-main\main\input\image (1257).png</path>
  <source>
    <database>Unknown</database>
  </source>
  <size>
    <width>2468</width>
    <height>3480</height>
    <depth>3</depth>
  </size>
  <segmented>0</segmented>
  <object>
    <name>signature</name>
    <pose>Unspecified</pose>
    <truncated>0</truncated>
    <difficult>0</difficult>
    <bndbox>
      <xmin>294</xmin>
      <ymin>2034</ymin>
      <xmax>725</xmax>
      <ymax>2297</ymax>
    </bndbox>
  </object>
  <object>
    <name>stamp</name>
    <pose>Unspecified</pose>
    <truncated>0</truncated>
    <difficult>0</difficult>
    <bndbox>
      <xmin>696</xmin>
      <ymin>2544</ymin>
      <xmax>1015</xmax>
      <ymax>2880</ymax>
    </bndbox>
  </object>
</annotation>