<annotation>
  <folder>input</folder>
  <filename>image (1284).png</filename>
  <path>C:\Users\Admin\OpenLabeling-master-main\main\input\image (1284).png</path>
  <source>
    <database>Unknown</database>
  </source>
  <size>
    <width>2476</width>
    <height>3472</height>
    <depth>3</depth>
  </size>
  <segmented>0</segmented>
  <object>
    <name>signature</name>
    <pose>Unspecified</pose>
    <truncated>0</truncated>
    <difficult>0</difficult>
    <bndbox>
      <xmin>1896</xmin>
      <ymin>2342</ymin>
      <xmax>2143</xmax>
      <ymax>2594</ymax>
    </bndbox>
  </object>
  <object>
    <name>stamp</name>
    <pose>Unspecified</pose>
    <truncated>0</truncated>
    <difficult>0</difficult>
    <bndbox>
      <xmin>722</xmin>
      <ymin>2275</ymin>
      <xmax>1230</xmax>
      <ymax>3019</ymax>
    </bndbox>
  </object>
</annotation>