<annotation>
  <folder>input</folder>
  <filename>image (1037).png</filename>
  <path>C:\Users\Admin\OpenLabeling-master-main\main\input\image (1037).png</path>
  <source>
    <database>Unknown</database>
  </source>
  <size>
    <width>2480</width>
    <height>3480</height>
    <depth>3</depth>
  </size>
  <segmented>0</segmented>
  <object>
    <name>signature</name>
    <pose>Unspecified</pose>
    <truncated>0</truncated>
    <difficult>0</difficult>
    <bndbox>
      <xmin>1623</xmin>
      <ymin>2291</ymin>
      <xmax>2074</xmax>
      <ymax>2566</ymax>
    </bndbox>
  </object>
  <object>
    <name>stamp</name>
    <pose>Unspecified</pose>
    <truncated>0</truncated>
    <difficult>0</difficult>
    <bndbox>
      <xmin>1403</xmin>
      <ymin>2762</ymin>
      <xmax>1998</xmax>
      <ymax>3351</ymax>
    </bndbox>
  </object>
</annotation>