<annotation>
  <folder>input</folder>
  <filename>image (1108).png</filename>
  <path>C:\Users\Admin\OpenLabeling-master-main\main\input\image (1108).png</path>
  <source>
    <database>Unknown</database>
  </source>
  <size>
    <width>2476</width>
    <height>3484</height>
    <depth>3</depth>
  </size>
  <segmented>0</segmented>
  <object>
    <name>signature</name>
    <pose>Unspecified</pose>
    <truncated>0</truncated>
    <difficult>0</difficult>
    <bndbox>
      <xmin>1428</xmin>
      <ymin>2305</ymin>
      <xmax>1844</xmax>
      <ymax>2692</ymax>
    </bndbox>
  </object>
  <object>
    <name>stamp</name>
    <pose>Unspecified</pose>
    <truncated>0</truncated>
    <difficult>0</difficult>
    <bndbox>
      <xmin>1875</xmin>
      <ymin>2120</ymin>
      <xmax>2125</xmax>
      <ymax>2468</ymax>
    </bndbox>
  </object>
</annotation>