<annotation>
  <folder>input</folder>
  <filename>image (1272).png</filename>
  <path>C:\Users\Admin\OpenLabeling-master-main\main\input\image (1272).png</path>
  <source>
    <database>Unknown</database>
  </source>
  <size>
    <width>2472</width>
    <height>3488</height>
    <depth>3</depth>
  </size>
  <segmented>0</segmented>
  <object>
    <name>signature</name>
    <pose>Unspecified</pose>
    <truncated>0</truncated>
    <difficult>0</difficult>
    <bndbox>
      <xmin>233</xmin>
      <ymin>2095</ymin>
      <xmax>514</xmax>
      <ymax>2297</ymax>
    </bndbox>
  </object>
  <object>
    <name>stamp</name>
    <pose>Unspecified</pose>
    <truncated>0</truncated>
    <difficult>0</difficult>
    <bndbox>
      <xmin>924</xmin>
      <ymin>2881</ymin>
      <xmax>1250</xmax>
      <ymax>3263</ymax>
    </bndbox>
  </object>
</annotation>