<annotation>
  <folder>input</folder>
  <filename>image (1399).png</filename>
  <path>C:\Users\Admin\OpenLabeling-master-main\main\input\image (1399).png</path>
  <source>
    <database>Unknown</database>
  </source>
  <size>
    <width>2476</width>
    <height>3480</height>
    <depth>3</depth>
  </size>
  <segmented>0</segmented>
  <object>
    <name>signature</name>
    <pose>Unspecified</pose>
    <truncated>0</truncated>
    <difficult>0</difficult>
    <bndbox>
      <xmin>1835</xmin>
      <ymin>2712</ymin>
      <xmax>2141</xmax>
      <ymax>2947</ymax>
    </bndbox>
  </object>
  <object>
    <name>stamp</name>
    <pose>Unspecified</pose>
    <truncated>0</truncated>
    <difficult>0</difficult>
    <bndbox>
      <xmin>622</xmin>
      <ymin>2779</ymin>
      <xmax>1009</xmax>
      <ymax>3244</ymax>
    </bndbox>
  </object>
</annotation>