<annotation>
  <folder>input</folder>
  <filename>image (1217).png</filename>
  <path>C:\Users\Admin\OpenLabeling-master-main\main\input\image (1217).png</path>
  <source>
    <database>Unknown</database>
  </source>
  <size>
    <width>2476</width>
    <height>3484</height>
    <depth>3</depth>
  </size>
  <segmented>0</segmented>
  <object>
    <name>signature</name>
    <pose>Unspecified</pose>
    <truncated>0</truncated>
    <difficult>0</difficult>
    <bndbox>
      <xmin>1622</xmin>
      <ymin>2002</ymin>
      <xmax>1886</xmax>
      <ymax>2159</ymax>
    </bndbox>
  </object>
  <object>
    <name>stamp</name>
    <pose>Unspecified</pose>
    <truncated>0</truncated>
    <difficult>0</difficult>
    <bndbox>
      <xmin>1539</xmin>
      <ymin>2193</ymin>
      <xmax>1907</xmax>
      <ymax>2575</ymax>
    </bndbox>
  </object>
</annotation>