<annotation>
  <folder>input</folder>
  <filename>image (1118).png</filename>
  <path>C:\Users\Admin\OpenLabeling-master-main\main\input\image (1118).png</path>
  <source>
    <database>Unknown</database>
  </source>
  <size>
    <width>2480</width>
    <height>3480</height>
    <depth>3</depth>
  </size>
  <segmented>0</segmented>
  <object>
    <name>signature</name>
    <pose>Unspecified</pose>
    <truncated>0</truncated>
    <difficult>0</difficult>
    <bndbox>
      <xmin>1678</xmin>
      <ymin>2241</ymin>
      <xmax>2001</xmax>
      <ymax>2555</ymax>
    </bndbox>
  </object>
  <object>
    <name>stamp</name>
    <pose>Unspecified</pose>
    <truncated>0</truncated>
    <difficult>0</difficult>
    <bndbox>
      <xmin>880</xmin>
      <ymin>2073</ymin>
      <xmax>1161</xmax>
      <ymax>2443</ymax>
    </bndbox>
  </object>
</annotation>