<annotation>
  <folder>input</folder>
  <filename>image (1372).png</filename>
  <path>C:\Users\Admin\OpenLabeling-master-main\main\input\image (1372).png</path>
  <source>
    <database>Unknown</database>
  </source>
  <size>
    <width>2476</width>
    <height>3480</height>
    <depth>3</depth>
  </size>
  <segmented>0</segmented>
  <object>
    <name>signature</name>
    <pose>Unspecified</pose>
    <truncated>0</truncated>
    <difficult>0</difficult>
    <bndbox>
      <xmin>370</xmin>
      <ymin>2471</ymin>
      <xmax>707</xmax>
      <ymax>2757</ymax>
    </bndbox>
  </object>
  <object>
    <name>stamp</name>
    <pose>Unspecified</pose>
    <truncated>0</truncated>
    <difficult>0</difficult>
    <bndbox>
      <xmin>1726</xmin>
      <ymin>2291</ymin>
      <xmax>2247</xmax>
      <ymax>3048</ymax>
    </bndbox>
  </object>
</annotation>