<annotation>
  <folder>input</folder>
  <filename>image (1018).png</filename>
  <path>C:\Users\Admin\OpenLabeling-master-main\main\input\image (1018).png</path>
  <source>
    <database>Unknown</database>
  </source>
  <size>
    <width>2468</width>
    <height>3480</height>
    <depth>3</depth>
  </size>
  <segmented>0</segmented>
  <object>
    <name>signature</name>
    <pose>Unspecified</pose>
    <truncated>0</truncated>
    <difficult>0</difficult>
    <bndbox>
      <xmin>1827</xmin>
      <ymin>2364</ymin>
      <xmax>2042</xmax>
      <ymax>2611</ymax>
    </bndbox>
  </object>
  <object>
    <name>stamp</name>
    <pose>Unspecified</pose>
    <truncated>0</truncated>
    <difficult>0</difficult>
    <bndbox>
      <xmin>1472</xmin>
      <ymin>2740</ymin>
      <xmax>1995</xmax>
      <ymax>3395</ymax>
    </bndbox>
  </object>
</annotation>