<annotation>
  <folder>input</folder>
  <filename>image (1381).png</filename>
  <path>C:\Users\Admin\OpenLabeling-master-main\main\input\image (1381).png</path>
  <source>
    <database>Unknown</database>
  </source>
  <size>
    <width>2468</width>
    <height>3476</height>
    <depth>3</depth>
  </size>
  <segmented>0</segmented>
  <object>
    <name>signature</name>
    <pose>Unspecified</pose>
    <truncated>0</truncated>
    <difficult>0</difficult>
    <bndbox>
      <xmin>1657</xmin>
      <ymin>2703</ymin>
      <xmax>1977</xmax>
      <ymax>2961</ymax>
    </bndbox>
  </object>
  <object>
    <name>stamp</name>
    <pose>Unspecified</pose>
    <truncated>0</truncated>
    <difficult>0</difficult>
    <bndbox>
      <xmin>1103</xmin>
      <ymin>2686</ymin>
      <xmax>1418</xmax>
      <ymax>3212</ymax>
    </bndbox>
  </object>
</annotation>