<annotation>
  <folder>input</folder>
  <filename>image (1106).png</filename>
  <path>C:\Users\Admin\OpenLabeling-master-main\main\input\image (1106).png</path>
  <source>
    <database>Unknown</database>
  </source>
  <size>
    <width>2480</width>
    <height>3476</height>
    <depth>3</depth>
  </size>
  <segmented>0</segmented>
  <object>
    <name>signature</name>
    <pose>Unspecified</pose>
    <truncated>0</truncated>
    <difficult>0</difficult>
    <bndbox>
      <xmin>1790</xmin>
      <ymin>2524</ymin>
      <xmax>2098</xmax>
      <ymax>2832</ymax>
    </bndbox>
  </object>
  <object>
    <name>stamp</name>
    <pose>Unspecified</pose>
    <truncated>0</truncated>
    <difficult>0</difficult>
    <bndbox>
      <xmin>1410</xmin>
      <ymin>2395</ymin>
      <xmax>1674</xmax>
      <ymax>2787</ymax>
    </bndbox>
  </object>
</annotation>