<annotation>
  <folder>input</folder>
  <filename>image (1236).png</filename>
  <path>C:\Users\Admin\OpenLabeling-master-main\main\input\image (1236).png</path>
  <source>
    <database>Unknown</database>
  </source>
  <size>
    <width>2472</width>
    <height>3484</height>
    <depth>3</depth>
  </size>
  <segmented>0</segmented>
  <object>
    <name>signature</name>
    <pose>Unspecified</pose>
    <truncated>0</truncated>
    <difficult>0</difficult>
    <bndbox>
      <xmin>1607</xmin>
      <ymin>2216</ymin>
      <xmax>1835</xmax>
      <ymax>2423</ymax>
    </bndbox>
  </object>
  <object>
    <name>stamp</name>
    <pose>Unspecified</pose>
    <truncated>0</truncated>
    <difficult>0</difficult>
    <bndbox>
      <xmin>1482</xmin>
      <ymin>2373</ymin>
      <xmax>1837</xmax>
      <ymax>2827</ymax>
    </bndbox>
  </object>
</annotation>