<annotation>
  <folder>input</folder>
  <filename>image (1219).png</filename>
  <path>C:\Users\Admin\OpenLabeling-master-main\main\input\image (1219).png</path>
  <source>
    <database>Unknown</database>
  </source>
  <size>
    <width>2476</width>
    <height>3476</height>
    <depth>3</depth>
  </size>
  <segmented>0</segmented>
  <object>
    <name>signature</name>
    <pose>Unspecified</pose>
    <truncated>0</truncated>
    <difficult>0</difficult>
    <bndbox>
      <xmin>1604</xmin>
      <ymin>2278</ymin>
      <xmax>1876</xmax>
      <ymax>2474</ymax>
    </bndbox>
  </object>
  <object>
    <name>stamp</name>
    <pose>Unspecified</pose>
    <truncated>0</truncated>
    <difficult>0</difficult>
    <bndbox>
      <xmin>1510</xmin>
      <ymin>2468</ymin>
      <xmax>1893</xmax>
      <ymax>2916</ymax>
    </bndbox>
  </object>
</annotation>