<annotation>
  <folder>input</folder>
  <filename>image (1238).png</filename>
  <path>C:\Users\Admin\OpenLabeling-master-main\main\input\image (1238).png</path>
  <source>
    <database>Unknown</database>
  </source>
  <size>
    <width>2476</width>
    <height>3480</height>
    <depth>3</depth>
  </size>
  <segmented>0</segmented>
  <object>
    <name>signature</name>
    <pose>Unspecified</pose>
    <truncated>0</truncated>
    <difficult>0</difficult>
    <bndbox>
      <xmin>1599</xmin>
      <ymin>2247</ymin>
      <xmax>1960</xmax>
      <ymax>2460</ymax>
    </bndbox>
  </object>
  <object>
    <name>stamp</name>
    <pose>Unspecified</pose>
    <truncated>0</truncated>
    <difficult>0</difficult>
    <bndbox>
      <xmin>1595</xmin>
      <ymin>2488</ymin>
      <xmax>1964</xmax>
      <ymax>2863</ymax>
    </bndbox>
  </object>
</annotation>