<annotation>
  <folder>input</folder>
  <filename>image (1183).png</filename>
  <path>C:\Users\Admin\OpenLabeling-master-main\main\input\image (1183).png</path>
  <source>
    <database>Unknown</database>
  </source>
  <size>
    <width>2476</width>
    <height>3476</height>
    <depth>3</depth>
  </size>
  <segmented>0</segmented>
  <object>
    <name>signature</name>
    <pose>Unspecified</pose>
    <truncated>0</truncated>
    <difficult>0</difficult>
    <bndbox>
      <xmin>1535</xmin>
      <ymin>2597</ymin>
      <xmax>1820</xmax>
      <ymax>2854</ymax>
    </bndbox>
  </object>
  <object>
    <name>stamp</name>
    <pose>Unspecified</pose>
    <truncated>0</truncated>
    <difficult>0</difficult>
    <bndbox>
      <xmin>1461</xmin>
      <ymin>2966</ymin>
      <xmax>1777</xmax>
      <ymax>3352</ymax>
    </bndbox>
  </object>
</annotation>