<annotation>
  <folder>input</folder>
  <filename>image (1440).png</filename>
  <path>C:\Users\Admin\OpenLabeling-master-main\main\input\image (1440).png</path>
  <source>
    <database>Unknown</database>
  </source>
  <size>
    <width>2476</width>
    <height>3480</height>
    <depth>3</depth>
  </size>
  <segmented>0</segmented>
  <object>
    <name>signature</name>
    <pose>Unspecified</pose>
    <truncated>0</truncated>
    <difficult>0</difficult>
    <bndbox>
      <xmin>1522</xmin>
      <ymin>3020</ymin>
      <xmax>1889</xmax>
      <ymax>3261</ymax>
    </bndbox>
  </object>
  <object>
    <name>stamp</name>
    <pose>Unspecified</pose>
    <truncated>0</truncated>
    <difficult>0</difficult>
    <bndbox>
      <xmin>2167</xmin>
      <ymin>1877</ymin>
      <xmax>2454</xmax>
      <ymax>2387</ymax>
    </bndbox>
  </object>
</annotation>