<annotation>
  <folder>input</folder>
  <filename>image (1079).png</filename>
  <path>C:\Users\Admin\OpenLabeling-master-main\main\input\image (1079).png</path>
  <source>
    <database>Unknown</database>
  </source>
  <size>
    <width>2488</width>
    <height>3504</height>
    <depth>3</depth>
  </size>
  <segmented>0</segmented>
  <object>
    <name>signature</name>
    <pose>Unspecified</pose>
    <truncated>0</truncated>
    <difficult>0</difficult>
    <bndbox>
      <xmin>204</xmin>
      <ymin>2161</ymin>
      <xmax>811</xmax>
      <ymax>2510</ymax>
    </bndbox>
  </object>
</annotation>