<annotation>
  <folder>input</folder>
  <filename>image (1286).png</filename>
  <path>C:\Users\Admin\OpenLabeling-master-main\main\input\image (1286).png</path>
  <source>
    <database>Unknown</database>
  </source>
  <size>
    <width>2472</width>
    <height>3480</height>
    <depth>3</depth>
  </size>
  <segmented>0</segmented>
  <object>
    <name>signature</name>
    <pose>Unspecified</pose>
    <truncated>0</truncated>
    <difficult>0</difficult>
    <bndbox>
      <xmin>1859</xmin>
      <ymin>2376</ymin>
      <xmax>2209</xmax>
      <ymax>2684</ymax>
    </bndbox>
  </object>
  <object>
    <name>stamp</name>
    <pose>Unspecified</pose>
    <truncated>0</truncated>
    <difficult>0</difficult>
    <bndbox>
      <xmin>940</xmin>
      <ymin>2297</ymin>
      <xmax>1457</xmax>
      <ymax>2986</ymax>
    </bndbox>
  </object>
</annotation>