<annotation>
  <folder>input</folder>
  <filename>image (1049).png</filename>
  <path>C:\Users\Admin\OpenLabeling-master-main\main\input\image (1049).png</path>
  <source>
    <database>Unknown</database>
  </source>
  <size>
    <width>2472</width>
    <height>3484</height>
    <depth>3</depth>
  </size>
  <segmented>0</segmented>
  <object>
    <name>signature</name>
    <pose>Unspecified</pose>
    <truncated>0</truncated>
    <difficult>0</difficult>
    <bndbox>
      <xmin>1616</xmin>
      <ymin>2496</ymin>
      <xmax>2111</xmax>
      <ymax>2704</ymax>
    </bndbox>
  </object>
  <object>
    <name>stamp</name>
    <pose>Unspecified</pose>
    <truncated>0</truncated>
    <difficult>0</difficult>
    <bndbox>
      <xmin>810</xmin>
      <ymin>2378</ymin>
      <xmax>1370</xmax>
      <ymax>2984</ymax>
    </bndbox>
  </object>
</annotation>