<annotation>
  <folder>input</folder>
  <filename>image (1161).png</filename>
  <path>C:\Users\Admin\OpenLabeling-master-main\main\input\image (1161).png</path>
  <source>
    <database>Unknown</database>
  </source>
  <size>
    <width>2468</width>
    <height>3484</height>
    <depth>3</depth>
  </size>
  <segmented>0</segmented>
  <object>
    <name>signature</name>
    <pose>Unspecified</pose>
    <truncated>0</truncated>
    <difficult>0</difficult>
    <bndbox>
      <xmin>1449</xmin>
      <ymin>2367</ymin>
      <xmax>1896</xmax>
      <ymax>2625</ymax>
    </bndbox>
  </object>
  <object>
    <name>stamp</name>
    <pose>Unspecified</pose>
    <truncated>0</truncated>
    <difficult>0</difficult>
    <bndbox>
      <xmin>1452</xmin>
      <ymin>2799</ymin>
      <xmax>1784</xmax>
      <ymax>3203</ymax>
    </bndbox>
  </object>
</annotation>