<annotation>
  <folder>input</folder>
  <filename>image (1103).png</filename>
  <path>C:\Users\Admin\OpenLabeling-master-main\main\input\image (1103).png</path>
  <source>
    <database>Unknown</database>
  </source>
  <size>
    <width>2468</width>
    <height>3480</height>
    <depth>3</depth>
  </size>
  <segmented>0</segmented>
  <object>
    <name>signature</name>
    <pose>Unspecified</pose>
    <truncated>0</truncated>
    <difficult>0</difficult>
    <bndbox>
      <xmin>1503</xmin>
      <ymin>2432</ymin>
      <xmax>1744</xmax>
      <ymax>2796</ymax>
    </bndbox>
  </object>
  <object>
    <name>stamp</name>
    <pose>Unspecified</pose>
    <truncated>0</truncated>
    <difficult>0</difficult>
    <bndbox>
      <xmin>1793</xmin>
      <ymin>2314</ymin>
      <xmax>2062</xmax>
      <ymax>2667</ymax>
    </bndbox>
  </object>
</annotation>