<annotation>
  <folder>input</folder>
  <filename>image (1137).png</filename>
  <path>C:\Users\Admin\OpenLabeling-master-main\main\input\image (1137).png</path>
  <source>
    <database>Unknown</database>
  </source>
  <size>
    <width>2472</width>
    <height>3484</height>
    <depth>3</depth>
  </size>
  <segmented>0</segmented>
  <object>
    <name>signature</name>
    <pose>Unspecified</pose>
    <truncated>0</truncated>
    <difficult>0</difficult>
    <bndbox>
      <xmin>1797</xmin>
      <ymin>2462</ymin>
      <xmax>2104</xmax>
      <ymax>2670</ymax>
    </bndbox>
  </object>
  <object>
    <name>stamp</name>
    <pose>Unspecified</pose>
    <truncated>0</truncated>
    <difficult>0</difficult>
    <bndbox>
      <xmin>1009</xmin>
      <ymin>2423</ymin>
      <xmax>1371</xmax>
      <ymax>2951</ymax>
    </bndbox>
  </object>
</annotation>