<annotation>
  <folder>input</folder>
  <filename>image (1185).png</filename>
  <path>C:\Users\Admin\OpenLabeling-master-main\main\input\image (1185).png</path>
  <source>
    <database>Unknown</database>
  </source>
  <size>
    <width>2472</width>
    <height>3480</height>
    <depth>3</depth>
  </size>
  <segmented>0</segmented>
  <object>
    <name>signature</name>
    <pose>Unspecified</pose>
    <truncated>0</truncated>
    <difficult>0</difficult>
    <bndbox>
      <xmin>250</xmin>
      <ymin>2224</ymin>
      <xmax>520</xmax>
      <ymax>2460</ymax>
    </bndbox>
  </object>
  <object>
    <name>stamp</name>
    <pose>Unspecified</pose>
    <truncated>0</truncated>
    <difficult>0</difficult>
    <bndbox>
      <xmin>935</xmin>
      <ymin>2213</ymin>
      <xmax>1212</xmax>
      <ymax>2689</ymax>
    </bndbox>
  </object>
</annotation>