<annotation>
  <folder>input</folder>
  <filename>image (136).png</filename>
  <path>C:\Users\Admin\OpenLabeling-master-main\main\input\image (136).png</path>
  <source>
    <database>Unknown</database>
  </source>
  <size>
    <width>2468</width>
    <height>3480</height>
    <depth>3</depth>
  </size>
  <segmented>0</segmented>
  <object>
    <name>signature</name>
    <pose>Unspecified</pose>
    <truncated>0</truncated>
    <difficult>0</difficult>
    <bndbox>
      <xmin>1494</xmin>
      <ymin>2073</ymin>
      <xmax>2044</xmax>
      <ymax>2320</ymax>
    </bndbox>
  </object>
  <object>
    <name>stamp</name>
    <pose>Unspecified</pose>
    <truncated>0</truncated>
    <difficult>0</difficult>
    <bndbox>
      <xmin>1224</xmin>
      <ymin>2280</ymin>
      <xmax>1617</xmax>
      <ymax>2773</ymax>
    </bndbox>
  </object>
</annotation>