<annotation>
  <folder>input</folder>
  <filename>image (1423).png</filename>
  <path>C:\Users\Admin\OpenLabeling-master-main\main\input\image (1423).png</path>
  <source>
    <database>Unknown</database>
  </source>
  <size>
    <width>2476</width>
    <height>3472</height>
    <depth>3</depth>
  </size>
  <segmented>0</segmented>
  <object>
    <name>signature</name>
    <pose>Unspecified</pose>
    <truncated>0</truncated>
    <difficult>0</difficult>
    <bndbox>
      <xmin>1918</xmin>
      <ymin>2689</ymin>
      <xmax>2129</xmax>
      <ymax>3007</ymax>
    </bndbox>
  </object>
  <object>
    <name>stamp</name>
    <pose>Unspecified</pose>
    <truncated>0</truncated>
    <difficult>0</difficult>
    <bndbox>
      <xmin>922</xmin>
      <ymin>2773</ymin>
      <xmax>1292</xmax>
      <ymax>3186</ymax>
    </bndbox>
  </object>
</annotation>